campaign_id,configuration_id,environment_id,case_id,m,n,nnz,fixture_family,seed,nonzeros_per_column,nonzeros_per_row,row_scale_ratio,blocks,fixture_hash,source_configuration_id,suite,algorithm,implementation,scenario,control,tolerance,outer_limit,eta,cg_tolerance,cg_limit_per_rank,rp,rd,preconditioner_budget_bytes,partitions,executors,tasks_per_executor,heap_gib,timing_scope,warmups,warmup_case,source_hash,computer,os,spark_version,java_version,blas,spark_master,repetition,attempt,warmup,status,solve_seconds,outer_iterations,cg_steps,cg_restarts,rank_escalations,max_rank,accuracy_basis,primal,dual,gap,objective,objective_error,min_x,min_s,peak_heap_bytes,peak_rss_bytes,memory_scope,spark_jobs,source_path,source_revision,source_sha256,source_line
rerun-20260914-sparsity-and-conditioning,cfg-e57599231c883a6e,env-e6211d7d84b6,primary-100-10-20-well-11-1e-08-4,100,1000,2000,well,11,,20,,,0771c868f35b86cc242d42f3d0a637d5da931ed0a2cd6966506d3d5b50a65a86,cfg-7bf483fe07fa8b1f,com.github.vbmacher.spark_lp.CGBenchmark,CG,cg,,,1e-08,100,,1e-10,1000,1e-08,1e-08,268435456,8,1,4,4,core solve excluding independent validation,1,,c150dcaa9a783c63fc422d89a40d6daa77f19dc218c7f59971913ab43d4ab4ec,fedora,Linux,3.5.3,11.0.26+4-LTS,com.github.fommil.netlib.F2jBLAS,local[4],0,1,True,Success,12.391828352000001,9,236,0,,0,independent-original-lp,1.2573420679217622e-10,5.6798484843171e-17,1.228301551319294e-10,5.847432634730463,1.1021666524852772e-10,1.861356674752443e-14,1.0942083634023242e-14,2981681216,3746070528,driver process; combined with executors in local mode; includes validation,,primary-100-10-20-well-11-1e-08-4--cg/records.jsonl,,947a382eddcfb68b9b9c2934264cccec035a98557676a49ff1fd4b59de091056,1
rerun-20260914-sparsity-and-conditioning,cfg-e57599231c883a6e,env-e6211d7d84b6,primary-100-10-20-well-11-1e-08-4,100,1000,2000,well,11,,20,,,0771c868f35b86cc242d42f3d0a637d5da931ed0a2cd6966506d3d5b50a65a86,cfg-7bf483fe07fa8b1f,com.github.vbmacher.spark_lp.CGBenchmark,CG,cg,,,1e-08,100,,1e-10,1000,1e-08,1e-08,268435456,8,1,4,4,core solve excluding independent validation,1,,c150dcaa9a783c63fc422d89a40d6daa77f19dc218c7f59971913ab43d4ab4ec,fedora,Linux,3.5.3,11.0.26+4-LTS,com.github.fommil.netlib.F2jBLAS,local[4],1,1,False,Success,9.807903154,9,236,0,,0,independent-original-lp,1.2573420679217622e-10,5.6798484843171e-17,1.228301551319294e-10,5.847432634730463,1.1021666524852772e-10,1.861356674752443e-14,1.0942083634023242e-14,3015455072,3926163456,driver process; combined with executors in local mode; includes validation,,primary-100-10-20-well-11-1e-08-4--cg/records.jsonl,,947a382eddcfb68b9b9c2934264cccec035a98557676a49ff1fd4b59de091056,2
rerun-20260914-sparsity-and-conditioning,cfg-e57599231c883a6e,env-e6211d7d84b6,primary-100-10-20-well-11-1e-08-4,100,1000,2000,well,11,,20,,,0771c868f35b86cc242d42f3d0a637d5da931ed0a2cd6966506d3d5b50a65a86,cfg-7bf483fe07fa8b1f,com.github.vbmacher.spark_lp.CGBenchmark,CG,cg,,,1e-08,100,,1e-10,1000,1e-08,1e-08,268435456,8,1,4,4,core solve excluding independent validation,1,,c150dcaa9a783c63fc422d89a40d6daa77f19dc218c7f59971913ab43d4ab4ec,fedora,Linux,3.5.3,11.0.26+4-LTS,com.github.fommil.netlib.F2jBLAS,local[4],2,1,False,Success,8.903802764,9,236,0,,0,independent-original-lp,1.2573420679217622e-10,5.6798484843171e-17,1.228301551319294e-10,5.847432634730463,1.1021666524852772e-10,1.861356674752443e-14,1.0942083634023242e-14,3083218240,3977052160,driver process; combined with executors in local mode; includes validation,,primary-100-10-20-well-11-1e-08-4--cg/records.jsonl,,947a382eddcfb68b9b9c2934264cccec035a98557676a49ff1fd4b59de091056,3
rerun-20260914-sparsity-and-conditioning,cfg-e57599231c883a6e,env-e6211d7d84b6,primary-100-10-20-well-11-1e-08-4,100,1000,2000,well,11,,20,,,0771c868f35b86cc242d42f3d0a637d5da931ed0a2cd6966506d3d5b50a65a86,cfg-7bf483fe07fa8b1f,com.github.vbmacher.spark_lp.CGBenchmark,CG,cg,,,1e-08,100,,1e-10,1000,1e-08,1e-08,268435456,8,1,4,4,core solve excluding independent validation,1,,c150dcaa9a783c63fc422d89a40d6daa77f19dc218c7f59971913ab43d4ab4ec,fedora,Linux,3.5.3,11.0.26+4-LTS,com.github.fommil.netlib.F2jBLAS,local[4],3,1,False,Success,9.149498116,9,236,0,,0,independent-original-lp,1.2573420679217622e-10,5.6798484843171e-17,1.228301551319294e-10,5.847432634730463,1.1021666524852772e-10,1.861356674752443e-14,1.0942083634023242e-14,3072826432,3991027712,driver process; combined with executors in local mode; includes validation,,primary-100-10-20-well-11-1e-08-4--cg/records.jsonl,,947a382eddcfb68b9b9c2934264cccec035a98557676a49ff1fd4b59de091056,4
rerun-20260914-sparsity-and-conditioning,cfg-e57599231c883a6e,env-e6211d7d84b6,primary-100-10-20-well-11-1e-08-4,100,1000,2000,well,11,,20,,,0771c868f35b86cc242d42f3d0a637d5da931ed0a2cd6966506d3d5b50a65a86,cfg-7bf483fe07fa8b1f,com.github.vbmacher.spark_lp.CGBenchmark,CG,cg,,,1e-08,100,,1e-10,1000,1e-08,1e-08,268435456,8,1,4,4,core solve excluding independent validation,1,,c150dcaa9a783c63fc422d89a40d6daa77f19dc218c7f59971913ab43d4ab4ec,fedora,Linux,3.5.3,11.0.26+4-LTS,com.github.fommil.netlib.F2jBLAS,local[4],4,1,False,Success,9.0312464,9,236,0,,0,independent-original-lp,1.2573420679217622e-10,5.6798484843171e-17,1.228301551319294e-10,5.847432634730463,1.1021666524852772e-10,1.861356674752443e-14,1.0942083634023242e-14,3060902560,4011016192,driver process; combined with executors in local mode; includes validation,,primary-100-10-20-well-11-1e-08-4--cg/records.jsonl,,947a382eddcfb68b9b9c2934264cccec035a98557676a49ff1fd4b59de091056,5
rerun-20260914-sparsity-and-conditioning,cfg-e57599231c883a6e,env-e6211d7d84b6,primary-100-10-20-well-11-1e-08-4,100,1000,2000,well,11,,20,,,0771c868f35b86cc242d42f3d0a637d5da931ed0a2cd6966506d3d5b50a65a86,cfg-7bf483fe07fa8b1f,com.github.vbmacher.spark_lp.CGBenchmark,CG,cg,,,1e-08,100,,1e-10,1000,1e-08,1e-08,268435456,8,1,4,4,core solve excluding independent validation,1,,c150dcaa9a783c63fc422d89a40d6daa77f19dc218c7f59971913ab43d4ab4ec,fedora,Linux,3.5.3,11.0.26+4-LTS,com.github.fommil.netlib.F2jBLAS,local[4],5,1,False,Success,9.038165269,9,236,0,,0,independent-original-lp,1.2573420679217622e-10,5.6798484843171e-17,1.228301551319294e-10,5.847432634730463,1.1021666524852772e-10,1.861356674752443e-14,1.0942083634023242e-14,3080320288,4033380352,driver process; combined with executors in local mode; includes validation,,primary-100-10-20-well-11-1e-08-4--cg/records.jsonl,,947a382eddcfb68b9b9c2934264cccec035a98557676a49ff1fd4b59de091056,6
rerun-20260914-sparsity-and-conditioning,cfg-ccf9b49ed878ed68,env-e6211d7d84b6,primary-100-10-20-well-11-1e-08-4,100,1000,2000,well,11,,20,,,0771c868f35b86cc242d42f3d0a637d5da931ed0a2cd6966506d3d5b50a65a86,cfg-e9c4ad26e57bc1e8,com.github.vbmacher.spark_lp.CholeskyBenchmark,Cholesky,cholesky,,,1e-08,100,,1e-10,1000,0.0,0.0,268435456,8,1,4,4,core solve excluding independent validation,1,,c150dcaa9a783c63fc422d89a40d6daa77f19dc218c7f59971913ab43d4ab4ec,fedora,Linux,3.5.3,11.0.26+4-LTS,com.github.fommil.netlib.F2jBLAS,local[4],0,1,True,Success,5.306825422,9,0,0,,0,independent-original-lp,1.7226587251165238e-16,4.927669046895368e-17,2.5556182977800095e-11,5.847432634064384,1.294230396653107e-11,1.8613596105988952e-14,1.0942087822529362e-14,2504022216,3154853888,driver process; combined with executors in local mode; includes validation,,primary-100-10-20-well-11-1e-08-4--cholesky/records.jsonl,,fed324312b44abcc311b2b5285d3b09e165852e6c2fcf409ecbaa2dea700273d,1
rerun-20260914-sparsity-and-conditioning,cfg-ccf9b49ed878ed68,env-e6211d7d84b6,primary-100-10-20-well-11-1e-08-4,100,1000,2000,well,11,,20,,,0771c868f35b86cc242d42f3d0a637d5da931ed0a2cd6966506d3d5b50a65a86,cfg-e9c4ad26e57bc1e8,com.github.vbmacher.spark_lp.CholeskyBenchmark,Cholesky,cholesky,,,1e-08,100,,1e-10,1000,0.0,0.0,268435456,8,1,4,4,core solve excluding independent validation,1,,c150dcaa9a783c63fc422d89a40d6daa77f19dc218c7f59971913ab43d4ab4ec,fedora,Linux,3.5.3,11.0.26+4-LTS,com.github.fommil.netlib.F2jBLAS,local[4],1,1,False,Success,3.539832347,9,0,0,,0,independent-original-lp,1.7226587251165238e-16,4.927669046895368e-17,2.5556182977800095e-11,5.847432634064384,1.294230396653107e-11,1.8613596105988952e-14,1.0942087822529362e-14,2578778624,3359195136,driver process; combined with executors in local mode; includes validation,,primary-100-10-20-well-11-1e-08-4--cholesky/records.jsonl,,fed324312b44abcc311b2b5285d3b09e165852e6c2fcf409ecbaa2dea700273d,2
rerun-20260914-sparsity-and-conditioning,cfg-ccf9b49ed878ed68,env-e6211d7d84b6,primary-100-10-20-well-11-1e-08-4,100,1000,2000,well,11,,20,,,0771c868f35b86cc242d42f3d0a637d5da931ed0a2cd6966506d3d5b50a65a86,cfg-e9c4ad26e57bc1e8,com.github.vbmacher.spark_lp.CholeskyBenchmark,Cholesky,cholesky,,,1e-08,100,,1e-10,1000,0.0,0.0,268435456,8,1,4,4,core solve excluding independent validation,1,,c150dcaa9a783c63fc422d89a40d6daa77f19dc218c7f59971913ab43d4ab4ec,fedora,Linux,3.5.3,11.0.26+4-LTS,com.github.fommil.netlib.F2jBLAS,local[4],2,1,False,Success,3.420101624,9,0,0,,0,independent-original-lp,1.7226587251165238e-16,4.927669046895368e-17,2.5556182977800095e-11,5.847432634064384,1.294230396653107e-11,1.8613596105988952e-14,1.0942087822529362e-14,2612124768,3451404288,driver process; combined with executors in local mode; includes validation,,primary-100-10-20-well-11-1e-08-4--cholesky/records.jsonl,,fed324312b44abcc311b2b5285d3b09e165852e6c2fcf409ecbaa2dea700273d,3
rerun-20260914-sparsity-and-conditioning,cfg-ccf9b49ed878ed68,env-e6211d7d84b6,primary-100-10-20-well-11-1e-08-4,100,1000,2000,well,11,,20,,,0771c868f35b86cc242d42f3d0a637d5da931ed0a2cd6966506d3d5b50a65a86,cfg-e9c4ad26e57bc1e8,com.github.vbmacher.spark_lp.CholeskyBenchmark,Cholesky,cholesky,,,1e-08,100,,1e-10,1000,0.0,0.0,268435456,8,1,4,4,core solve excluding independent validation,1,,c150dcaa9a783c63fc422d89a40d6daa77f19dc218c7f59971913ab43d4ab4ec,fedora,Linux,3.5.3,11.0.26+4-LTS,com.github.fommil.netlib.F2jBLAS,local[4],3,1,False,Success,3.959297859,9,0,0,,0,independent-original-lp,1.7226587251165238e-16,4.927669046895368e-17,2.5556182977800095e-11,5.847432634064384,1.294230396653107e-11,1.8613596105988952e-14,1.0942087822529362e-14,2910721136,3729948672,driver process; combined with executors in local mode; includes validation,,primary-100-10-20-well-11-1e-08-4--cholesky/records.jsonl,,fed324312b44abcc311b2b5285d3b09e165852e6c2fcf409ecbaa2dea700273d,4
rerun-20260914-sparsity-and-conditioning,cfg-ccf9b49ed878ed68,env-e6211d7d84b6,primary-100-10-20-well-11-1e-08-4,100,1000,2000,well,11,,20,,,0771c868f35b86cc242d42f3d0a637d5da931ed0a2cd6966506d3d5b50a65a86,cfg-e9c4ad26e57bc1e8,com.github.vbmacher.spark_lp.CholeskyBenchmark,Cholesky,cholesky,,,1e-08,100,,1e-10,1000,0.0,0.0,268435456,8,1,4,4,core solve excluding independent validation,1,,c150dcaa9a783c63fc422d89a40d6daa77f19dc218c7f59971913ab43d4ab4ec,fedora,Linux,3.5.3,11.0.26+4-LTS,com.github.fommil.netlib.F2jBLAS,local[4],4,1,False,Success,3.848667015,9,0,0,,0,independent-original-lp,1.7226587251165238e-16,4.927669046895368e-17,2.5556182977800095e-11,5.847432634064384,1.294230396653107e-11,1.8613596105988952e-14,1.0942087822529362e-14,3291191808,4123721728,driver process; combined with executors in local mode; includes validation,,primary-100-10-20-well-11-1e-08-4--cholesky/records.jsonl,,fed324312b44abcc311b2b5285d3b09e165852e6c2fcf409ecbaa2dea700273d,5
rerun-20260914-sparsity-and-conditioning,cfg-ccf9b49ed878ed68,env-e6211d7d84b6,primary-100-10-20-well-11-1e-08-4,100,1000,2000,well,11,,20,,,0771c868f35b86cc242d42f3d0a637d5da931ed0a2cd6966506d3d5b50a65a86,cfg-e9c4ad26e57bc1e8,com.github.vbmacher.spark_lp.CholeskyBenchmark,Cholesky,cholesky,,,1e-08,100,,1e-10,1000,0.0,0.0,268435456,8,1,4,4,core solve excluding independent validation,1,,c150dcaa9a783c63fc422d89a40d6daa77f19dc218c7f59971913ab43d4ab4ec,fedora,Linux,3.5.3,11.0.26+4-LTS,com.github.fommil.netlib.F2jBLAS,local[4],5,1,False,Success,4.273038926,9,0,0,,0,independent-original-lp,1.7226587251165238e-16,4.927669046895368e-17,2.5556182977800095e-11,5.847432634064384,1.294230396653107e-11,1.8613596105988952e-14,1.0942087822529362e-14,3267313432,4176887808,driver process; combined with executors in local mode; includes validation,,primary-100-10-20-well-11-1e-08-4--cholesky/records.jsonl,,fed324312b44abcc311b2b5285d3b09e165852e6c2fcf409ecbaa2dea700273d,6
rerun-20260914-sparsity-and-conditioning,cfg-e57599231c883a6e,env-e6211d7d84b6,primary-100-10-20-well-29-1e-08-4,100,1000,2000,well,29,,20,,,d47c603b7432e6e8a79643bdf6fd78e5255f608d96fb56d37553f6b9607f9b3e,cfg-7bf483fe07fa8b1f,com.github.vbmacher.spark_lp.CGBenchmark,CG,cg,,,1e-08,100,,1e-10,1000,1e-08,1e-08,268435456,8,1,4,4,core solve excluding independent validation,1,,c150dcaa9a783c63fc422d89a40d6daa77f19dc218c7f59971913ab43d4ab4ec,fedora,Linux,3.5.3,11.0.26+4-LTS,com.github.fommil.netlib.F2jBLAS,local[4],0,1,True,Success,10.313976016,7,200,0,,0,independent-original-lp,3.5268717992409424e-15,1.0784856729893141e-15,6.311310930566894e-09,3.0727854048178274,4.061587993529097e-09,1.0830024773094563e-12,3.6062685698431263e-13,2199556872,3076685824,driver process; combined with executors in local mode; includes validation,,primary-100-10-20-well-29-1e-08-4--cg/records.jsonl,,d078bd97098167babf3f3e9798a86e3f49af1b5604161dcbe6399db09127014b,1
rerun-20260914-sparsity-and-conditioning,cfg-e57599231c883a6e,env-e6211d7d84b6,primary-100-10-20-well-29-1e-08-4,100,1000,2000,well,29,,20,,,d47c603b7432e6e8a79643bdf6fd78e5255f608d96fb56d37553f6b9607f9b3e,cfg-7bf483fe07fa8b1f,com.github.vbmacher.spark_lp.CGBenchmark,CG,cg,,,1e-08,100,,1e-10,1000,1e-08,1e-08,268435456,8,1,4,4,core solve excluding independent validation,1,,c150dcaa9a783c63fc422d89a40d6daa77f19dc218c7f59971913ab43d4ab4ec,fedora,Linux,3.5.3,11.0.26+4-LTS,com.github.fommil.netlib.F2jBLAS,local[4],1,1,False,Success,8.06828559,7,200,0,,0,independent-original-lp,3.5268717992409424e-15,1.0784856729893141e-15,6.311310930566894e-09,3.0727854048178274,4.061587993529097e-09,1.0830024773094563e-12,3.6062685698431263e-13,2473512680,3442245632,driver process; combined with executors in local mode; includes validation,,primary-100-10-20-well-29-1e-08-4--cg/records.jsonl,,d078bd97098167babf3f3e9798a86e3f49af1b5604161dcbe6399db09127014b,2
rerun-20260914-sparsity-and-conditioning,cfg-e57599231c883a6e,env-e6211d7d84b6,primary-100-10-20-well-29-1e-08-4,100,1000,2000,well,29,,20,,,d47c603b7432e6e8a79643bdf6fd78e5255f608d96fb56d37553f6b9607f9b3e,cfg-7bf483fe07fa8b1f,com.github.vbmacher.spark_lp.CGBenchmark,CG,cg,,,1e-08,100,,1e-10,1000,1e-08,1e-08,268435456,8,1,4,4,core solve excluding independent validation,1,,c150dcaa9a783c63fc422d89a40d6daa77f19dc218c7f59971913ab43d4ab4ec,fedora,Linux,3.5.3,11.0.26+4-LTS,com.github.fommil.netlib.F2jBLAS,local[4],2,1,False,Success,7.864416656,7,200,0,,0,independent-original-lp,3.5268717992409424e-15,1.0784856729893141e-15,6.311310930566894e-09,3.0727854048178274,4.061587993529097e-09,1.0830024773094563e-12,3.6062685698431263e-13,2949369080,3888742400,driver process; combined with executors in local mode; includes validation,,primary-100-10-20-well-29-1e-08-4--cg/records.jsonl,,d078bd97098167babf3f3e9798a86e3f49af1b5604161dcbe6399db09127014b,3
rerun-20260914-sparsity-and-conditioning,cfg-e57599231c883a6e,env-e6211d7d84b6,primary-100-10-20-well-29-1e-08-4,100,1000,2000,well,29,,20,,,d47c603b7432e6e8a79643bdf6fd78e5255f608d96fb56d37553f6b9607f9b3e,cfg-7bf483fe07fa8b1f,com.github.vbmacher.spark_lp.CGBenchmark,CG,cg,,,1e-08,100,,1e-10,1000,1e-08,1e-08,268435456,8,1,4,4,core solve excluding independent validation,1,,c150dcaa9a783c63fc422d89a40d6daa77f19dc218c7f59971913ab43d4ab4ec,fedora,Linux,3.5.3,11.0.26+4-LTS,com.github.fommil.netlib.F2jBLAS,local[4],3,1,False,Success,7.313947197999999,7,200,0,,0,independent-original-lp,3.5268717992409424e-15,1.0784856729893141e-15,6.311310930566894e-09,3.0727854048178274,4.061587993529097e-09,1.0830024773094563e-12,3.6062685698431263e-13,3043112864,3982524416,driver process; combined with executors in local mode; includes validation,,primary-100-10-20-well-29-1e-08-4--cg/records.jsonl,,d078bd97098167babf3f3e9798a86e3f49af1b5604161dcbe6399db09127014b,4
rerun-20260914-sparsity-and-conditioning,cfg-e57599231c883a6e,env-e6211d7d84b6,primary-100-10-20-well-29-1e-08-4,100,1000,2000,well,29,,20,,,d47c603b7432e6e8a79643bdf6fd78e5255f608d96fb56d37553f6b9607f9b3e,cfg-7bf483fe07fa8b1f,com.github.vbmacher.spark_lp.CGBenchmark,CG,cg,,,1e-08,100,,1e-10,1000,1e-08,1e-08,268435456,8,1,4,4,core solve excluding independent validation,1,,c150dcaa9a783c63fc422d89a40d6daa77f19dc218c7f59971913ab43d4ab4ec,fedora,Linux,3.5.3,11.0.26+4-LTS,com.github.fommil.netlib.F2jBLAS,local[4],4,1,False,Success,7.595296563,7,200,0,,0,independent-original-lp,3.5268717992409424e-15,1.0784856729893141e-15,6.311310930566894e-09,3.0727854048178274,4.061587993529097e-09,1.0830024773094563e-12,3.6062685698431263e-13,3040337632,4018274304,driver process; combined with executors in local mode; includes validation,,primary-100-10-20-well-29-1e-08-4--cg/records.jsonl,,d078bd97098167babf3f3e9798a86e3f49af1b5604161dcbe6399db09127014b,5
rerun-20260914-sparsity-and-conditioning,cfg-e57599231c883a6e,env-e6211d7d84b6,primary-100-10-20-well-29-1e-08-4,100,1000,2000,well,29,,20,,,d47c603b7432e6e8a79643bdf6fd78e5255f608d96fb56d37553f6b9607f9b3e,cfg-7bf483fe07fa8b1f,com.github.vbmacher.spark_lp.CGBenchmark,CG,cg,,,1e-08,100,,1e-10,1000,1e-08,1e-08,268435456,8,1,4,4,core solve excluding independent validation,1,,c150dcaa9a783c63fc422d89a40d6daa77f19dc218c7f59971913ab43d4ab4ec,fedora,Linux,3.5.3,11.0.26+4-LTS,com.github.fommil.netlib.F2jBLAS,local[4],5,1,False,Success,7.697525614,7,200,0,,0,independent-original-lp,3.5268717992409424e-15,1.0784856729893141e-15,6.311310930566894e-09,3.0727854048178274,4.061587993529097e-09,1.0830024773094563e-12,3.6062685698431263e-13,3034276352,4031004672,driver process; combined with executors in local mode; includes validation,,primary-100-10-20-well-29-1e-08-4--cg/records.jsonl,,d078bd97098167babf3f3e9798a86e3f49af1b5604161dcbe6399db09127014b,6
rerun-20260914-sparsity-and-conditioning,cfg-ccf9b49ed878ed68,env-e6211d7d84b6,primary-100-10-20-well-29-1e-08-4,100,1000,2000,well,29,,20,,,d47c603b7432e6e8a79643bdf6fd78e5255f608d96fb56d37553f6b9607f9b3e,cfg-e9c4ad26e57bc1e8,com.github.vbmacher.spark_lp.CholeskyBenchmark,Cholesky,cholesky,,,1e-08,100,,1e-10,1000,0.0,0.0,268435456,8,1,4,4,core solve excluding independent validation,1,,c150dcaa9a783c63fc422d89a40d6daa77f19dc218c7f59971913ab43d4ab4ec,fedora,Linux,3.5.3,11.0.26+4-LTS,com.github.fommil.netlib.F2jBLAS,local[4],0,1,True,Success,4.196093166,7,0,0,,0,independent-original-lp,2.8958502353177173e-16,4.8073169457081144e-17,6.311384858470824e-09,3.072785404817818,4.061585703726783e-09,1.0830043328631177e-12,3.6062731101869023e-13,1449024056,2543353856,driver process; combined with executors in local mode; includes validation,,primary-100-10-20-well-29-1e-08-4--cholesky/records.jsonl,,2f07c68363a1c6c326ac60b392d52b3cd0844ec57a61ff7a1f4bb3943226585c,1
rerun-20260914-sparsity-and-conditioning,cfg-ccf9b49ed878ed68,env-e6211d7d84b6,primary-100-10-20-well-29-1e-08-4,100,1000,2000,well,29,,20,,,d47c603b7432e6e8a79643bdf6fd78e5255f608d96fb56d37553f6b9607f9b3e,cfg-e9c4ad26e57bc1e8,com.github.vbmacher.spark_lp.CholeskyBenchmark,Cholesky,cholesky,,,1e-08,100,,1e-10,1000,0.0,0.0,268435456,8,1,4,4,core solve excluding independent validation,1,,c150dcaa9a783c63fc422d89a40d6daa77f19dc218c7f59971913ab43d4ab4ec,fedora,Linux,3.5.3,11.0.26+4-LTS,com.github.fommil.netlib.F2jBLAS,local[4],1,1,False,Success,2.548456605,7,0,0,,0,independent-original-lp,2.8958502353177173e-16,4.8073169457081144e-17,6.311384858470824e-09,3.072785404817818,4.061585703726783e-09,1.0830043328631177e-12,3.6062731101869023e-13,1773377248,2692726784,driver process; combined with executors in local mode; includes validation,,primary-100-10-20-well-29-1e-08-4--cholesky/records.jsonl,,2f07c68363a1c6c326ac60b392d52b3cd0844ec57a61ff7a1f4bb3943226585c,2
rerun-20260914-sparsity-and-conditioning,cfg-ccf9b49ed878ed68,env-e6211d7d84b6,primary-100-10-20-well-29-1e-08-4,100,1000,2000,well,29,,20,,,d47c603b7432e6e8a79643bdf6fd78e5255f608d96fb56d37553f6b9607f9b3e,cfg-e9c4ad26e57bc1e8,com.github.vbmacher.spark_lp.CholeskyBenchmark,Cholesky,cholesky,,,1e-08,100,,1e-10,1000,0.0,0.0,268435456,8,1,4,4,core solve excluding independent validation,1,,c150dcaa9a783c63fc422d89a40d6daa77f19dc218c7f59971913ab43d4ab4ec,fedora,Linux,3.5.3,11.0.26+4-LTS,com.github.fommil.netlib.F2jBLAS,local[4],2,1,False,Success,2.4398570619999997,7,0,0,,0,independent-original-lp,2.8958502353177173e-16,4.8073169457081144e-17,6.311384858470824e-09,3.072785404817818,4.061585703726783e-09,1.0830043328631177e-12,3.6062731101869023e-13,2062222128,2877931520,driver process; combined with executors in local mode; includes validation,,primary-100-10-20-well-29-1e-08-4--cholesky/records.jsonl,,2f07c68363a1c6c326ac60b392d52b3cd0844ec57a61ff7a1f4bb3943226585c,3
rerun-20260914-sparsity-and-conditioning,cfg-ccf9b49ed878ed68,env-e6211d7d84b6,primary-100-10-20-well-29-1e-08-4,100,1000,2000,well,29,,20,,,d47c603b7432e6e8a79643bdf6fd78e5255f608d96fb56d37553f6b9607f9b3e,cfg-e9c4ad26e57bc1e8,com.github.vbmacher.spark_lp.CholeskyBenchmark,Cholesky,cholesky,,,1e-08,100,,1e-10,1000,0.0,0.0,268435456,8,1,4,4,core solve excluding independent validation,1,,c150dcaa9a783c63fc422d89a40d6daa77f19dc218c7f59971913ab43d4ab4ec,fedora,Linux,3.5.3,11.0.26+4-LTS,com.github.fommil.netlib.F2jBLAS,local[4],3,1,False,Success,2.393242578,7,0,0,,0,independent-original-lp,2.8958502353177173e-16,4.8073169457081144e-17,6.311384858470824e-09,3.072785404817818,4.061585703726783e-09,1.0830043328631177e-12,3.6062731101869023e-13,2625059840,3360407552,driver process; combined with executors in local mode; includes validation,,primary-100-10-20-well-29-1e-08-4--cholesky/records.jsonl,,2f07c68363a1c6c326ac60b392d52b3cd0844ec57a61ff7a1f4bb3943226585c,4
rerun-20260914-sparsity-and-conditioning,cfg-ccf9b49ed878ed68,env-e6211d7d84b6,primary-100-10-20-well-29-1e-08-4,100,1000,2000,well,29,,20,,,d47c603b7432e6e8a79643bdf6fd78e5255f608d96fb56d37553f6b9607f9b3e,cfg-e9c4ad26e57bc1e8,com.github.vbmacher.spark_lp.CholeskyBenchmark,Cholesky,cholesky,,,1e-08,100,,1e-10,1000,0.0,0.0,268435456,8,1,4,4,core solve excluding independent validation,1,,c150dcaa9a783c63fc422d89a40d6daa77f19dc218c7f59971913ab43d4ab4ec,fedora,Linux,3.5.3,11.0.26+4-LTS,com.github.fommil.netlib.F2jBLAS,local[4],4,1,False,Success,2.439421768,7,0,0,,0,independent-original-lp,2.8958502353177173e-16,4.8073169457081144e-17,6.311384858470824e-09,3.072785404817818,4.061585703726783e-09,1.0830043328631177e-12,3.6062731101869023e-13,2752028160,3526836224,driver process; combined with executors in local mode; includes validation,,primary-100-10-20-well-29-1e-08-4--cholesky/records.jsonl,,2f07c68363a1c6c326ac60b392d52b3cd0844ec57a61ff7a1f4bb3943226585c,5
rerun-20260914-sparsity-and-conditioning,cfg-ccf9b49ed878ed68,env-e6211d7d84b6,primary-100-10-20-well-29-1e-08-4,100,1000,2000,well,29,,20,,,d47c603b7432e6e8a79643bdf6fd78e5255f608d96fb56d37553f6b9607f9b3e,cfg-e9c4ad26e57bc1e8,com.github.vbmacher.spark_lp.CholeskyBenchmark,Cholesky,cholesky,,,1e-08,100,,1e-10,1000,0.0,0.0,268435456,8,1,4,4,core solve excluding independent validation,1,,c150dcaa9a783c63fc422d89a40d6daa77f19dc218c7f59971913ab43d4ab4ec,fedora,Linux,3.5.3,11.0.26+4-LTS,com.github.fommil.netlib.F2jBLAS,local[4],5,1,False,Success,2.601395202,7,0,0,,0,independent-original-lp,2.8958502353177173e-16,4.8073169457081144e-17,6.311384858470824e-09,3.072785404817818,4.061585703726783e-09,1.0830043328631177e-12,3.6062731101869023e-13,3263121632,3976052736,driver process; combined with executors in local mode; includes validation,,primary-100-10-20-well-29-1e-08-4--cholesky/records.jsonl,,2f07c68363a1c6c326ac60b392d52b3cd0844ec57a61ff7a1f4bb3943226585c,6
rerun-20260914-sparsity-and-conditioning,cfg-e57599231c883a6e,env-e6211d7d84b6,primary-100-10-20-well-47-1e-08-4,100,1000,2000,well,47,,20,,,72d22cfe03b80bb094bbc646993c166512ec25e5eafa4c1405d34e63525a2edd,cfg-7bf483fe07fa8b1f,com.github.vbmacher.spark_lp.CGBenchmark,CG,cg,,,1e-08,100,,1e-10,1000,1e-08,1e-08,268435456,8,1,4,4,core solve excluding independent validation,1,,c150dcaa9a783c63fc422d89a40d6daa77f19dc218c7f59971913ab43d4ab4ec,fedora,Linux,3.5.3,11.0.26+4-LTS,com.github.fommil.netlib.F2jBLAS,local[4],0,1,True,Success,10.500291447,7,207,0,,0,independent-original-lp,3.1221835779247394e-14,2.352634299140917e-15,4.826966358358448e-09,9.611943288427748,3.6116557469034562e-09,4.4917799937693845e-12,2.0579022961337575e-12,3091628552,3740418048,driver process; combined with executors in local mode; includes validation,,primary-100-10-20-well-47-1e-08-4--cg/records.jsonl,,83214e9533f3d0fcd2f0dd147ccdbd0e44b66d582d49423cea3b1818ed3587db,1
rerun-20260914-sparsity-and-conditioning,cfg-e57599231c883a6e,env-e6211d7d84b6,primary-100-10-20-well-47-1e-08-4,100,1000,2000,well,47,,20,,,72d22cfe03b80bb094bbc646993c166512ec25e5eafa4c1405d34e63525a2edd,cfg-7bf483fe07fa8b1f,com.github.vbmacher.spark_lp.CGBenchmark,CG,cg,,,1e-08,100,,1e-10,1000,1e-08,1e-08,268435456,8,1,4,4,core solve excluding independent validation,1,,c150dcaa9a783c63fc422d89a40d6daa77f19dc218c7f59971913ab43d4ab4ec,fedora,Linux,3.5.3,11.0.26+4-LTS,com.github.fommil.netlib.F2jBLAS,local[4],1,1,False,Success,8.421060060999999,7,207,0,,0,independent-original-lp,3.1221835779247394e-14,2.352634299140917e-15,4.826966358358448e-09,9.611943288427748,3.6116557469034562e-09,4.4917799937693845e-12,2.0579022961337575e-12,3079085568,3950788608,driver process; combined with executors in local mode; includes validation,,primary-100-10-20-well-47-1e-08-4--cg/records.jsonl,,83214e9533f3d0fcd2f0dd147ccdbd0e44b66d582d49423cea3b1818ed3587db,2
rerun-20260914-sparsity-and-conditioning,cfg-e57599231c883a6e,env-e6211d7d84b6,primary-100-10-20-well-47-1e-08-4,100,1000,2000,well,47,,20,,,72d22cfe03b80bb094bbc646993c166512ec25e5eafa4c1405d34e63525a2edd,cfg-7bf483fe07fa8b1f,com.github.vbmacher.spark_lp.CGBenchmark,CG,cg,,,1e-08,100,,1e-10,1000,1e-08,1e-08,268435456,8,1,4,4,core solve excluding independent validation,1,,c150dcaa9a783c63fc422d89a40d6daa77f19dc218c7f59971913ab43d4ab4ec,fedora,Linux,3.5.3,11.0.26+4-LTS,com.github.fommil.netlib.F2jBLAS,local[4],2,1,False,Success,8.193370966,7,207,0,,0,independent-original-lp,3.1221835779247394e-14,2.352634299140917e-15,4.826966358358448e-09,9.611943288427748,3.6116557469034562e-09,4.4917799937693845e-12,2.0579022961337575e-12,3139149440,4039245824,driver process; combined with executors in local mode; includes validation,,primary-100-10-20-well-47-1e-08-4--cg/records.jsonl,,83214e9533f3d0fcd2f0dd147ccdbd0e44b66d582d49423cea3b1818ed3587db,3
rerun-20260914-sparsity-and-conditioning,cfg-e57599231c883a6e,env-e6211d7d84b6,primary-100-10-20-well-47-1e-08-4,100,1000,2000,well,47,,20,,,72d22cfe03b80bb094bbc646993c166512ec25e5eafa4c1405d34e63525a2edd,cfg-7bf483fe07fa8b1f,com.github.vbmacher.spark_lp.CGBenchmark,CG,cg,,,1e-08,100,,1e-10,1000,1e-08,1e-08,268435456,8,1,4,4,core solve excluding independent validation,1,,c150dcaa9a783c63fc422d89a40d6daa77f19dc218c7f59971913ab43d4ab4ec,fedora,Linux,3.5.3,11.0.26+4-LTS,com.github.fommil.netlib.F2jBLAS,local[4],3,1,False,Success,7.762948606,7,207,0,,0,independent-original-lp,3.1221835779247394e-14,2.352634299140917e-15,4.826966358358448e-09,9.611943288427748,3.6116557469034562e-09,4.4917799937693845e-12,2.0579022961337575e-12,3114384960,4046651392,driver process; combined with executors in local mode; includes validation,,primary-100-10-20-well-47-1e-08-4--cg/records.jsonl,,83214e9533f3d0fcd2f0dd147ccdbd0e44b66d582d49423cea3b1818ed3587db,4
rerun-20260914-sparsity-and-conditioning,cfg-e57599231c883a6e,env-e6211d7d84b6,primary-100-10-20-well-47-1e-08-4,100,1000,2000,well,47,,20,,,72d22cfe03b80bb094bbc646993c166512ec25e5eafa4c1405d34e63525a2edd,cfg-7bf483fe07fa8b1f,com.github.vbmacher.spark_lp.CGBenchmark,CG,cg,,,1e-08,100,,1e-10,1000,1e-08,1e-08,268435456,8,1,4,4,core solve excluding independent validation,1,,c150dcaa9a783c63fc422d89a40d6daa77f19dc218c7f59971913ab43d4ab4ec,fedora,Linux,3.5.3,11.0.26+4-LTS,com.github.fommil.netlib.F2jBLAS,local[4],4,1,False,Success,7.967274962,7,207,0,,0,independent-original-lp,3.1221835779247394e-14,2.352634299140917e-15,4.826966358358448e-09,9.611943288427748,3.6116557469034562e-09,4.4917799937693845e-12,2.0579022961337575e-12,3101269504,4055859200,driver process; combined with executors in local mode; includes validation,,primary-100-10-20-well-47-1e-08-4--cg/records.jsonl,,83214e9533f3d0fcd2f0dd147ccdbd0e44b66d582d49423cea3b1818ed3587db,5
rerun-20260914-sparsity-and-conditioning,cfg-e57599231c883a6e,env-e6211d7d84b6,primary-100-10-20-well-47-1e-08-4,100,1000,2000,well,47,,20,,,72d22cfe03b80bb094bbc646993c166512ec25e5eafa4c1405d34e63525a2edd,cfg-7bf483fe07fa8b1f,com.github.vbmacher.spark_lp.CGBenchmark,CG,cg,,,1e-08,100,,1e-10,1000,1e-08,1e-08,268435456,8,1,4,4,core solve excluding independent validation,1,,c150dcaa9a783c63fc422d89a40d6daa77f19dc218c7f59971913ab43d4ab4ec,fedora,Linux,3.5.3,11.0.26+4-LTS,com.github.fommil.netlib.F2jBLAS,local[4],5,1,False,Success,11.1302998,7,207,0,,0,independent-original-lp,3.1221835779247394e-14,2.352634299140917e-15,4.826966358358448e-09,9.611943288427748,3.6116557469034562e-09,4.4917799937693845e-12,2.0579022961337575e-12,3100624144,4068442112,driver process; combined with executors in local mode; includes validation,,primary-100-10-20-well-47-1e-08-4--cg/records.jsonl,,83214e9533f3d0fcd2f0dd147ccdbd0e44b66d582d49423cea3b1818ed3587db,6
rerun-20260914-sparsity-and-conditioning,cfg-ccf9b49ed878ed68,env-e6211d7d84b6,primary-100-10-20-well-47-1e-08-4,100,1000,2000,well,47,,20,,,72d22cfe03b80bb094bbc646993c166512ec25e5eafa4c1405d34e63525a2edd,cfg-e9c4ad26e57bc1e8,com.github.vbmacher.spark_lp.CholeskyBenchmark,Cholesky,cholesky,,,1e-08,100,,1e-10,1000,0.0,0.0,268435456,8,1,4,4,core solve excluding independent validation,1,,c150dcaa9a783c63fc422d89a40d6daa77f19dc218c7f59971913ab43d4ab4ec,fedora,Linux,3.5.3,11.0.26+4-LTS,com.github.fommil.netlib.F2jBLAS,local[4],0,1,True,Success,4.105948134,7,0,0,,0,independent-original-lp,2.863211322802637e-16,4.851573207079273e-17,4.827045200098927e-09,9.611943288427895,3.6116696404585003e-09,4.4917796399784e-12,2.05790227397099e-12,2545885680,3016589312,driver process; combined with executors in local mode; includes validation,,primary-100-10-20-well-47-1e-08-4--cholesky/records.jsonl,,d34a0028717a6eb21f6872f7abfb0f538393400695a583264e3ed1e53a9da85d,1
rerun-20260914-sparsity-and-conditioning,cfg-ccf9b49ed878ed68,env-e6211d7d84b6,primary-100-10-20-well-47-1e-08-4,100,1000,2000,well,47,,20,,,72d22cfe03b80bb094bbc646993c166512ec25e5eafa4c1405d34e63525a2edd,cfg-e9c4ad26e57bc1e8,com.github.vbmacher.spark_lp.CholeskyBenchmark,Cholesky,cholesky,,,1e-08,100,,1e-10,1000,0.0,0.0,268435456,8,1,4,4,core solve excluding independent validation,1,,c150dcaa9a783c63fc422d89a40d6daa77f19dc218c7f59971913ab43d4ab4ec,fedora,Linux,3.5.3,11.0.26+4-LTS,com.github.fommil.netlib.F2jBLAS,local[4],1,1,False,Success,2.6070031050000004,7,0,0,,0,independent-original-lp,2.863211322802637e-16,4.851573207079273e-17,4.827045200098927e-09,9.611943288427895,3.6116696404585003e-09,4.4917796399784e-12,2.05790227397099e-12,3328123376,3874177024,driver process; combined with executors in local mode; includes validation,,primary-100-10-20-well-47-1e-08-4--cholesky/records.jsonl,,d34a0028717a6eb21f6872f7abfb0f538393400695a583264e3ed1e53a9da85d,2
rerun-20260914-sparsity-and-conditioning,cfg-ccf9b49ed878ed68,env-e6211d7d84b6,primary-100-10-20-well-47-1e-08-4,100,1000,2000,well,47,,20,,,72d22cfe03b80bb094bbc646993c166512ec25e5eafa4c1405d34e63525a2edd,cfg-e9c4ad26e57bc1e8,com.github.vbmacher.spark_lp.CholeskyBenchmark,Cholesky,cholesky,,,1e-08,100,,1e-10,1000,0.0,0.0,268435456,8,1,4,4,core solve excluding independent validation,1,,c150dcaa9a783c63fc422d89a40d6daa77f19dc218c7f59971913ab43d4ab4ec,fedora,Linux,3.5.3,11.0.26+4-LTS,com.github.fommil.netlib.F2jBLAS,local[4],2,1,False,Success,2.3735905219999998,7,0,0,,0,independent-original-lp,2.863211322802637e-16,4.851573207079273e-17,4.827045200098927e-09,9.611943288427895,3.6116696404585003e-09,4.4917796399784e-12,2.05790227397099e-12,2711395312,3970220032,driver process; combined with executors in local mode; includes validation,,primary-100-10-20-well-47-1e-08-4--cholesky/records.jsonl,,d34a0028717a6eb21f6872f7abfb0f538393400695a583264e3ed1e53a9da85d,3
rerun-20260914-sparsity-and-conditioning,cfg-ccf9b49ed878ed68,env-e6211d7d84b6,primary-100-10-20-well-47-1e-08-4,100,1000,2000,well,47,,20,,,72d22cfe03b80bb094bbc646993c166512ec25e5eafa4c1405d34e63525a2edd,cfg-e9c4ad26e57bc1e8,com.github.vbmacher.spark_lp.CholeskyBenchmark,Cholesky,cholesky,,,1e-08,100,,1e-10,1000,0.0,0.0,268435456,8,1,4,4,core solve excluding independent validation,1,,c150dcaa9a783c63fc422d89a40d6daa77f19dc218c7f59971913ab43d4ab4ec,fedora,Linux,3.5.3,11.0.26+4-LTS,com.github.fommil.netlib.F2jBLAS,local[4],3,1,False,Success,2.3216494720000003,7,0,0,,0,independent-original-lp,2.863211322802637e-16,4.851573207079273e-17,4.827045200098927e-09,9.611943288427895,3.6116696404585003e-09,4.4917796399784e-12,2.05790227397099e-12,2436133936,4025139200,driver process; combined with executors in local mode; includes validation,,primary-100-10-20-well-47-1e-08-4--cholesky/records.jsonl,,d34a0028717a6eb21f6872f7abfb0f538393400695a583264e3ed1e53a9da85d,4
rerun-20260914-sparsity-and-conditioning,cfg-ccf9b49ed878ed68,env-e6211d7d84b6,primary-100-10-20-well-47-1e-08-4,100,1000,2000,well,47,,20,,,72d22cfe03b80bb094bbc646993c166512ec25e5eafa4c1405d34e63525a2edd,cfg-e9c4ad26e57bc1e8,com.github.vbmacher.spark_lp.CholeskyBenchmark,Cholesky,cholesky,,,1e-08,100,,1e-10,1000,0.0,0.0,268435456,8,1,4,4,core solve excluding independent validation,1,,c150dcaa9a783c63fc422d89a40d6daa77f19dc218c7f59971913ab43d4ab4ec,fedora,Linux,3.5.3,11.0.26+4-LTS,com.github.fommil.netlib.F2jBLAS,local[4],4,1,False,Success,2.421167884,7,0,0,,0,independent-original-lp,2.863211322802637e-16,4.851573207079273e-17,4.827045200098927e-09,9.611943288427895,3.6116696404585003e-09,4.4917796399784e-12,2.05790227397099e-12,2609925120,4049010688,driver process; combined with executors in local mode; includes validation,,primary-100-10-20-well-47-1e-08-4--cholesky/records.jsonl,,d34a0028717a6eb21f6872f7abfb0f538393400695a583264e3ed1e53a9da85d,5
rerun-20260914-sparsity-and-conditioning,cfg-ccf9b49ed878ed68,env-e6211d7d84b6,primary-100-10-20-well-47-1e-08-4,100,1000,2000,well,47,,20,,,72d22cfe03b80bb094bbc646993c166512ec25e5eafa4c1405d34e63525a2edd,cfg-e9c4ad26e57bc1e8,com.github.vbmacher.spark_lp.CholeskyBenchmark,Cholesky,cholesky,,,1e-08,100,,1e-10,1000,0.0,0.0,268435456,8,1,4,4,core solve excluding independent validation,1,,c150dcaa9a783c63fc422d89a40d6daa77f19dc218c7f59971913ab43d4ab4ec,fedora,Linux,3.5.3,11.0.26+4-LTS,com.github.fommil.netlib.F2jBLAS,local[4],5,1,False,Success,2.5453630040000004,7,0,0,,0,independent-original-lp,2.863211322802637e-16,4.851573207079273e-17,4.827045200098927e-09,9.611943288427895,3.6116696404585003e-09,4.4917796399784e-12,2.05790227397099e-12,2771148056,4106502144,driver process; combined with executors in local mode; includes validation,,primary-100-10-20-well-47-1e-08-4--cholesky/records.jsonl,,d34a0028717a6eb21f6872f7abfb0f538393400695a583264e3ed1e53a9da85d,6
rerun-20260914-sparsity-and-conditioning,cfg-e57599231c883a6e,env-e6211d7d84b6,primary-1000-10-20-well-11-1e-08-4,1000,10000,20000,well,11,,20,,,9d6a38fd092962b0c93fd55cb2e19ed3b522e0d2d2601734a6d95bfa764c9f41,cfg-7bf483fe07fa8b1f,com.github.vbmacher.spark_lp.CGBenchmark,CG,cg,,,1e-08,100,,1e-10,1000,1e-08,1e-08,268435456,8,1,4,4,core solve excluding independent validation,1,,c150dcaa9a783c63fc422d89a40d6daa77f19dc218c7f59971913ab43d4ab4ec,fedora,Linux,3.5.3,11.0.26+4-LTS,com.github.fommil.netlib.F2jBLAS,local[4],0,1,True,Success,12.271901129,9,268,0,,0,independent-original-lp,3.105306513476261e-12,5.136444570809853e-17,2.0906791640120604e-11,7.869552710948588,1.0667690934951832e-11,2.069997866789941e-15,4.769246226218291e-16,2313902848,3080093696,driver process; combined with executors in local mode; includes validation,,primary-1000-10-20-well-11-1e-08-4--cg/records.jsonl,,ac3cd8e3151e750857bed577ca2fa0b5de8211cff35a8734ed884fe7aec83cd5,1
rerun-20260914-sparsity-and-conditioning,cfg-e57599231c883a6e,env-e6211d7d84b6,primary-1000-10-20-well-11-1e-08-4,1000,10000,20000,well,11,,20,,,9d6a38fd092962b0c93fd55cb2e19ed3b522e0d2d2601734a6d95bfa764c9f41,cfg-7bf483fe07fa8b1f,com.github.vbmacher.spark_lp.CGBenchmark,CG,cg,,,1e-08,100,,1e-10,1000,1e-08,1e-08,268435456,8,1,4,4,core solve excluding independent validation,1,,c150dcaa9a783c63fc422d89a40d6daa77f19dc218c7f59971913ab43d4ab4ec,fedora,Linux,3.5.3,11.0.26+4-LTS,com.github.fommil.netlib.F2jBLAS,local[4],1,1,False,Success,9.966786324,9,268,0,,0,independent-original-lp,3.105306513476261e-12,5.136444570809853e-17,2.0906791640120604e-11,7.869552710948588,1.0667690934951832e-11,2.069997866789941e-15,4.769246226218291e-16,3177548192,4020715520,driver process; combined with executors in local mode; includes validation,,primary-1000-10-20-well-11-1e-08-4--cg/records.jsonl,,ac3cd8e3151e750857bed577ca2fa0b5de8211cff35a8734ed884fe7aec83cd5,2
rerun-20260914-sparsity-and-conditioning,cfg-e57599231c883a6e,env-e6211d7d84b6,primary-1000-10-20-well-11-1e-08-4,1000,10000,20000,well,11,,20,,,9d6a38fd092962b0c93fd55cb2e19ed3b522e0d2d2601734a6d95bfa764c9f41,cfg-7bf483fe07fa8b1f,com.github.vbmacher.spark_lp.CGBenchmark,CG,cg,,,1e-08,100,,1e-10,1000,1e-08,1e-08,268435456,8,1,4,4,core solve excluding independent validation,1,,c150dcaa9a783c63fc422d89a40d6daa77f19dc218c7f59971913ab43d4ab4ec,fedora,Linux,3.5.3,11.0.26+4-LTS,com.github.fommil.netlib.F2jBLAS,local[4],2,1,False,Success,9.910814419,9,268,0,,0,independent-original-lp,3.105306513476261e-12,5.136444570809853e-17,2.0906791640120604e-11,7.869552710948588,1.0667690934951832e-11,2.069997866789941e-15,4.769246226218291e-16,3402039840,4243030016,driver process; combined with executors in local mode; includes validation,,primary-1000-10-20-well-11-1e-08-4--cg/records.jsonl,,ac3cd8e3151e750857bed577ca2fa0b5de8211cff35a8734ed884fe7aec83cd5,3
rerun-20260914-sparsity-and-conditioning,cfg-e57599231c883a6e,env-e6211d7d84b6,primary-1000-10-20-well-11-1e-08-4,1000,10000,20000,well,11,,20,,,9d6a38fd092962b0c93fd55cb2e19ed3b522e0d2d2601734a6d95bfa764c9f41,cfg-7bf483fe07fa8b1f,com.github.vbmacher.spark_lp.CGBenchmark,CG,cg,,,1e-08,100,,1e-10,1000,1e-08,1e-08,268435456,8,1,4,4,core solve excluding independent validation,1,,c150dcaa9a783c63fc422d89a40d6daa77f19dc218c7f59971913ab43d4ab4ec,fedora,Linux,3.5.3,11.0.26+4-LTS,com.github.fommil.netlib.F2jBLAS,local[4],3,1,False,Success,9.783701825,9,268,0,,0,independent-original-lp,3.105306513476261e-12,5.136444570809853e-17,2.0906791640120604e-11,7.869552710948588,1.0667690934951832e-11,2.069997866789941e-15,4.769246226218291e-16,3188440480,4248977408,driver process; combined with executors in local mode; includes validation,,primary-1000-10-20-well-11-1e-08-4--cg/records.jsonl,,ac3cd8e3151e750857bed577ca2fa0b5de8211cff35a8734ed884fe7aec83cd5,4
rerun-20260914-sparsity-and-conditioning,cfg-e57599231c883a6e,env-e6211d7d84b6,primary-1000-10-20-well-11-1e-08-4,1000,10000,20000,well,11,,20,,,9d6a38fd092962b0c93fd55cb2e19ed3b522e0d2d2601734a6d95bfa764c9f41,cfg-7bf483fe07fa8b1f,com.github.vbmacher.spark_lp.CGBenchmark,CG,cg,,,1e-08,100,,1e-10,1000,1e-08,1e-08,268435456,8,1,4,4,core solve excluding independent validation,1,,c150dcaa9a783c63fc422d89a40d6daa77f19dc218c7f59971913ab43d4ab4ec,fedora,Linux,3.5.3,11.0.26+4-LTS,com.github.fommil.netlib.F2jBLAS,local[4],4,1,False,Success,9.758260948,9,268,0,,0,independent-original-lp,3.105306513476261e-12,5.136444570809853e-17,2.0906791640120604e-11,7.869552710948588,1.0667690934951832e-11,2.069997866789941e-15,4.769246226218291e-16,3133801032,4263165952,driver process; combined with executors in local mode; includes validation,,primary-1000-10-20-well-11-1e-08-4--cg/records.jsonl,,ac3cd8e3151e750857bed577ca2fa0b5de8211cff35a8734ed884fe7aec83cd5,5
rerun-20260914-sparsity-and-conditioning,cfg-e57599231c883a6e,env-e6211d7d84b6,primary-1000-10-20-well-11-1e-08-4,1000,10000,20000,well,11,,20,,,9d6a38fd092962b0c93fd55cb2e19ed3b522e0d2d2601734a6d95bfa764c9f41,cfg-7bf483fe07fa8b1f,com.github.vbmacher.spark_lp.CGBenchmark,CG,cg,,,1e-08,100,,1e-10,1000,1e-08,1e-08,268435456,8,1,4,4,core solve excluding independent validation,1,,c150dcaa9a783c63fc422d89a40d6daa77f19dc218c7f59971913ab43d4ab4ec,fedora,Linux,3.5.3,11.0.26+4-LTS,com.github.fommil.netlib.F2jBLAS,local[4],5,1,False,Success,10.174278235000001,9,268,0,,0,independent-original-lp,3.105306513476261e-12,5.136444570809853e-17,2.0906791640120604e-11,7.869552710948588,1.0667690934951832e-11,2.069997866789941e-15,4.769246226218291e-16,3190371968,4273913856,driver process; combined with executors in local mode; includes validation,,primary-1000-10-20-well-11-1e-08-4--cg/records.jsonl,,ac3cd8e3151e750857bed577ca2fa0b5de8211cff35a8734ed884fe7aec83cd5,6
rerun-20260914-sparsity-and-conditioning,cfg-ccf9b49ed878ed68,env-e6211d7d84b6,primary-1000-10-20-well-11-1e-08-4,1000,10000,20000,well,11,,20,,,9d6a38fd092962b0c93fd55cb2e19ed3b522e0d2d2601734a6d95bfa764c9f41,cfg-e9c4ad26e57bc1e8,com.github.vbmacher.spark_lp.CholeskyBenchmark,Cholesky,cholesky,,,1e-08,100,,1e-10,1000,0.0,0.0,268435456,8,1,4,4,core solve excluding independent validation,1,,c150dcaa9a783c63fc422d89a40d6daa77f19dc218c7f59971913ab43d4ab4ec,fedora,Linux,3.5.3,11.0.26+4-LTS,com.github.fommil.netlib.F2jBLAS,local[4],0,1,True,Success,6.442072884000001,9,0,0,,0,independent-original-lp,1.7656704427340703e-16,5.207605512573091e-17,2.8183012035534177e-11,7.869552711013121,1.794351077867407e-11,2.0700000383548902e-15,4.769251098810237e-16,2108009984,2887581696,driver process; combined with executors in local mode; includes validation,,primary-1000-10-20-well-11-1e-08-4--cholesky/records.jsonl,,e3bfb185469112a342b7a5cb5530af469fa47787b918221bebd09558d4cc3bdb,1
rerun-20260914-sparsity-and-conditioning,cfg-ccf9b49ed878ed68,env-e6211d7d84b6,primary-1000-10-20-well-11-1e-08-4,1000,10000,20000,well,11,,20,,,9d6a38fd092962b0c93fd55cb2e19ed3b522e0d2d2601734a6d95bfa764c9f41,cfg-e9c4ad26e57bc1e8,com.github.vbmacher.spark_lp.CholeskyBenchmark,Cholesky,cholesky,,,1e-08,100,,1e-10,1000,0.0,0.0,268435456,8,1,4,4,core solve excluding independent validation,1,,c150dcaa9a783c63fc422d89a40d6daa77f19dc218c7f59971913ab43d4ab4ec,fedora,Linux,3.5.3,11.0.26+4-LTS,com.github.fommil.netlib.F2jBLAS,local[4],1,1,False,Success,5.237633078,9,0,0,,0,independent-original-lp,1.7656704427340703e-16,5.207605512573091e-17,2.8183012035534177e-11,7.869552711013121,1.794351077867407e-11,2.0700000383548902e-15,4.769251098810237e-16,3043190800,3857334272,driver process; combined with executors in local mode; includes validation,,primary-1000-10-20-well-11-1e-08-4--cholesky/records.jsonl,,e3bfb185469112a342b7a5cb5530af469fa47787b918221bebd09558d4cc3bdb,2
rerun-20260914-sparsity-and-conditioning,cfg-ccf9b49ed878ed68,env-e6211d7d84b6,primary-1000-10-20-well-11-1e-08-4,1000,10000,20000,well,11,,20,,,9d6a38fd092962b0c93fd55cb2e19ed3b522e0d2d2601734a6d95bfa764c9f41,cfg-e9c4ad26e57bc1e8,com.github.vbmacher.spark_lp.CholeskyBenchmark,Cholesky,cholesky,,,1e-08,100,,1e-10,1000,0.0,0.0,268435456,8,1,4,4,core solve excluding independent validation,1,,c150dcaa9a783c63fc422d89a40d6daa77f19dc218c7f59971913ab43d4ab4ec,fedora,Linux,3.5.3,11.0.26+4-LTS,com.github.fommil.netlib.F2jBLAS,local[4],2,1,False,Success,4.748099882,9,0,0,,0,independent-original-lp,1.7656704427340703e-16,5.207605512573091e-17,2.8183012035534177e-11,7.869552711013121,1.794351077867407e-11,2.0700000383548902e-15,4.769251098810237e-16,3180302320,4102209536,driver process; combined with executors in local mode; includes validation,,primary-1000-10-20-well-11-1e-08-4--cholesky/records.jsonl,,e3bfb185469112a342b7a5cb5530af469fa47787b918221bebd09558d4cc3bdb,3
rerun-20260914-sparsity-and-conditioning,cfg-ccf9b49ed878ed68,env-e6211d7d84b6,primary-1000-10-20-well-11-1e-08-4,1000,10000,20000,well,11,,20,,,9d6a38fd092962b0c93fd55cb2e19ed3b522e0d2d2601734a6d95bfa764c9f41,cfg-e9c4ad26e57bc1e8,com.github.vbmacher.spark_lp.CholeskyBenchmark,Cholesky,cholesky,,,1e-08,100,,1e-10,1000,0.0,0.0,268435456,8,1,4,4,core solve excluding independent validation,1,,c150dcaa9a783c63fc422d89a40d6daa77f19dc218c7f59971913ab43d4ab4ec,fedora,Linux,3.5.3,11.0.26+4-LTS,com.github.fommil.netlib.F2jBLAS,local[4],3,1,False,Success,4.6409876400000005,9,0,0,,0,independent-original-lp,1.7656704427340703e-16,5.207605512573091e-17,2.8183012035534177e-11,7.869552711013121,1.794351077867407e-11,2.0700000383548902e-15,4.769251098810237e-16,3042652736,4161208320,driver process; combined with executors in local mode; includes validation,,primary-1000-10-20-well-11-1e-08-4--cholesky/records.jsonl,,e3bfb185469112a342b7a5cb5530af469fa47787b918221bebd09558d4cc3bdb,4
rerun-20260914-sparsity-and-conditioning,cfg-ccf9b49ed878ed68,env-e6211d7d84b6,primary-1000-10-20-well-11-1e-08-4,1000,10000,20000,well,11,,20,,,9d6a38fd092962b0c93fd55cb2e19ed3b522e0d2d2601734a6d95bfa764c9f41,cfg-e9c4ad26e57bc1e8,com.github.vbmacher.spark_lp.CholeskyBenchmark,Cholesky,cholesky,,,1e-08,100,,1e-10,1000,0.0,0.0,268435456,8,1,4,4,core solve excluding independent validation,1,,c150dcaa9a783c63fc422d89a40d6daa77f19dc218c7f59971913ab43d4ab4ec,fedora,Linux,3.5.3,11.0.26+4-LTS,com.github.fommil.netlib.F2jBLAS,local[4],4,1,False,Success,4.515469095,9,0,0,,0,independent-original-lp,1.7656704427340703e-16,5.207605512573091e-17,2.8183012035534177e-11,7.869552711013121,1.794351077867407e-11,2.0700000383548902e-15,4.769251098810237e-16,3030719680,4193353728,driver process; combined with executors in local mode; includes validation,,primary-1000-10-20-well-11-1e-08-4--cholesky/records.jsonl,,e3bfb185469112a342b7a5cb5530af469fa47787b918221bebd09558d4cc3bdb,5
rerun-20260914-sparsity-and-conditioning,cfg-ccf9b49ed878ed68,env-e6211d7d84b6,primary-1000-10-20-well-11-1e-08-4,1000,10000,20000,well,11,,20,,,9d6a38fd092962b0c93fd55cb2e19ed3b522e0d2d2601734a6d95bfa764c9f41,cfg-e9c4ad26e57bc1e8,com.github.vbmacher.spark_lp.CholeskyBenchmark,Cholesky,cholesky,,,1e-08,100,,1e-10,1000,0.0,0.0,268435456,8,1,4,4,core solve excluding independent validation,1,,c150dcaa9a783c63fc422d89a40d6daa77f19dc218c7f59971913ab43d4ab4ec,fedora,Linux,3.5.3,11.0.26+4-LTS,com.github.fommil.netlib.F2jBLAS,local[4],5,1,False,Success,4.536247658000001,9,0,0,,0,independent-original-lp,1.7656704427340703e-16,5.207605512573091e-17,2.8183012035534177e-11,7.869552711013121,1.794351077867407e-11,2.0700000383548902e-15,4.769251098810237e-16,2983442432,4205608960,driver process; combined with executors in local mode; includes validation,,primary-1000-10-20-well-11-1e-08-4--cholesky/records.jsonl,,e3bfb185469112a342b7a5cb5530af469fa47787b918221bebd09558d4cc3bdb,6
rerun-20260914-sparsity-and-conditioning,cfg-e57599231c883a6e,env-e6211d7d84b6,primary-1000-10-20-well-29-1e-08-4,1000,10000,20000,well,29,,20,,,a63b9a6a5d7baef338e5433331caf0569dbc59d10307de58035ec3d5708ecc44,cfg-7bf483fe07fa8b1f,com.github.vbmacher.spark_lp.CGBenchmark,CG,cg,,,1e-08,100,,1e-10,1000,1e-08,1e-08,268435456,8,1,4,4,core solve excluding independent validation,1,,c150dcaa9a783c63fc422d89a40d6daa77f19dc218c7f59971913ab43d4ab4ec,fedora,Linux,3.5.3,11.0.26+4-LTS,com.github.fommil.netlib.F2jBLAS,local[4],0,1,True,Success,12.666100138,9,272,0,,0,independent-original-lp,2.1104295653698547e-12,5.2588045939931826e-17,1.223788063177003e-11,-17.714199090391688,8.754306705376786e-12,1.3751880471220549e-15,2.0954363563015199e-16,3091755520,3916873728,driver process; combined with executors in local mode; includes validation,,primary-1000-10-20-well-29-1e-08-4--cg/records.jsonl,,1a559136f18cf161f2a324064dbd4d7717dd938e846bf70485576f93113e138b,1
rerun-20260914-sparsity-and-conditioning,cfg-e57599231c883a6e,env-e6211d7d84b6,primary-1000-10-20-well-29-1e-08-4,1000,10000,20000,well,29,,20,,,a63b9a6a5d7baef338e5433331caf0569dbc59d10307de58035ec3d5708ecc44,cfg-7bf483fe07fa8b1f,com.github.vbmacher.spark_lp.CGBenchmark,CG,cg,,,1e-08,100,,1e-10,1000,1e-08,1e-08,268435456,8,1,4,4,core solve excluding independent validation,1,,c150dcaa9a783c63fc422d89a40d6daa77f19dc218c7f59971913ab43d4ab4ec,fedora,Linux,3.5.3,11.0.26+4-LTS,com.github.fommil.netlib.F2jBLAS,local[4],1,1,False,Success,14.536766733,9,272,0,,0,independent-original-lp,2.1104295653698547e-12,5.2588045939931826e-17,1.223788063177003e-11,-17.714199090391688,8.754306705376786e-12,1.3751880471220549e-15,2.0954363563015199e-16,3179432264,4066869248,driver process; combined with executors in local mode; includes validation,,primary-1000-10-20-well-29-1e-08-4--cg/records.jsonl,,1a559136f18cf161f2a324064dbd4d7717dd938e846bf70485576f93113e138b,2
rerun-20260914-sparsity-and-conditioning,cfg-e57599231c883a6e,env-e6211d7d84b6,primary-1000-10-20-well-29-1e-08-4,1000,10000,20000,well,29,,20,,,a63b9a6a5d7baef338e5433331caf0569dbc59d10307de58035ec3d5708ecc44,cfg-7bf483fe07fa8b1f,com.github.vbmacher.spark_lp.CGBenchmark,CG,cg,,,1e-08,100,,1e-10,1000,1e-08,1e-08,268435456,8,1,4,4,core solve excluding independent validation,1,,c150dcaa9a783c63fc422d89a40d6daa77f19dc218c7f59971913ab43d4ab4ec,fedora,Linux,3.5.3,11.0.26+4-LTS,com.github.fommil.netlib.F2jBLAS,local[4],2,1,False,Success,12.678056156,9,272,0,,0,independent-original-lp,2.1104295653698547e-12,5.2588045939931826e-17,1.223788063177003e-11,-17.714199090391688,8.754306705376786e-12,1.3751880471220549e-15,2.0954363563015199e-16,3398659904,4308238336,driver process; combined with executors in local mode; includes validation,,primary-1000-10-20-well-29-1e-08-4--cg/records.jsonl,,1a559136f18cf161f2a324064dbd4d7717dd938e846bf70485576f93113e138b,3
rerun-20260914-sparsity-and-conditioning,cfg-e57599231c883a6e,env-e6211d7d84b6,primary-1000-10-20-well-29-1e-08-4,1000,10000,20000,well,29,,20,,,a63b9a6a5d7baef338e5433331caf0569dbc59d10307de58035ec3d5708ecc44,cfg-7bf483fe07fa8b1f,com.github.vbmacher.spark_lp.CGBenchmark,CG,cg,,,1e-08,100,,1e-10,1000,1e-08,1e-08,268435456,8,1,4,4,core solve excluding independent validation,1,,c150dcaa9a783c63fc422d89a40d6daa77f19dc218c7f59971913ab43d4ab4ec,fedora,Linux,3.5.3,11.0.26+4-LTS,com.github.fommil.netlib.F2jBLAS,local[4],3,1,False,Success,10.371319385,9,272,0,,0,independent-original-lp,2.1104295653698547e-12,5.2588045939931826e-17,1.223788063177003e-11,-17.714199090391688,8.754306705376786e-12,1.3751880471220549e-15,2.0954363563015199e-16,3165675040,4327833600,driver process; combined with executors in local mode; includes validation,,primary-1000-10-20-well-29-1e-08-4--cg/records.jsonl,,1a559136f18cf161f2a324064dbd4d7717dd938e846bf70485576f93113e138b,4
rerun-20260914-sparsity-and-conditioning,cfg-e57599231c883a6e,env-e6211d7d84b6,primary-1000-10-20-well-29-1e-08-4,1000,10000,20000,well,29,,20,,,a63b9a6a5d7baef338e5433331caf0569dbc59d10307de58035ec3d5708ecc44,cfg-7bf483fe07fa8b1f,com.github.vbmacher.spark_lp.CGBenchmark,CG,cg,,,1e-08,100,,1e-10,1000,1e-08,1e-08,268435456,8,1,4,4,core solve excluding independent validation,1,,c150dcaa9a783c63fc422d89a40d6daa77f19dc218c7f59971913ab43d4ab4ec,fedora,Linux,3.5.3,11.0.26+4-LTS,com.github.fommil.netlib.F2jBLAS,local[4],4,1,False,Success,12.487134703999999,9,272,0,,0,independent-original-lp,2.1104295653698547e-12,5.2588045939931826e-17,1.223788063177003e-11,-17.714199090391688,8.754306705376786e-12,1.3751880471220549e-15,2.0954363563015199e-16,3163061440,4342300672,driver process; combined with executors in local mode; includes validation,,primary-1000-10-20-well-29-1e-08-4--cg/records.jsonl,,1a559136f18cf161f2a324064dbd4d7717dd938e846bf70485576f93113e138b,5
rerun-20260914-sparsity-and-conditioning,cfg-e57599231c883a6e,env-e6211d7d84b6,primary-1000-10-20-well-29-1e-08-4,1000,10000,20000,well,29,,20,,,a63b9a6a5d7baef338e5433331caf0569dbc59d10307de58035ec3d5708ecc44,cfg-7bf483fe07fa8b1f,com.github.vbmacher.spark_lp.CGBenchmark,CG,cg,,,1e-08,100,,1e-10,1000,1e-08,1e-08,268435456,8,1,4,4,core solve excluding independent validation,1,,c150dcaa9a783c63fc422d89a40d6daa77f19dc218c7f59971913ab43d4ab4ec,fedora,Linux,3.5.3,11.0.26+4-LTS,com.github.fommil.netlib.F2jBLAS,local[4],5,1,False,Success,15.87573017,9,272,0,,0,independent-original-lp,2.1104295653698547e-12,5.2588045939931826e-17,1.223788063177003e-11,-17.714199090391688,8.754306705376786e-12,1.3751880471220549e-15,2.0954363563015199e-16,3244485120,4356636672,driver process; combined with executors in local mode; includes validation,,primary-1000-10-20-well-29-1e-08-4--cg/records.jsonl,,1a559136f18cf161f2a324064dbd4d7717dd938e846bf70485576f93113e138b,6
rerun-20260914-sparsity-and-conditioning,cfg-ccf9b49ed878ed68,env-e6211d7d84b6,primary-1000-10-20-well-29-1e-08-4,1000,10000,20000,well,29,,20,,,a63b9a6a5d7baef338e5433331caf0569dbc59d10307de58035ec3d5708ecc44,cfg-e9c4ad26e57bc1e8,com.github.vbmacher.spark_lp.CholeskyBenchmark,Cholesky,cholesky,,,1e-08,100,,1e-10,1000,0.0,0.0,268435456,8,1,4,4,core solve excluding independent validation,1,,c150dcaa9a783c63fc422d89a40d6daa77f19dc218c7f59971913ab43d4ab4ec,fedora,Linux,3.5.3,11.0.26+4-LTS,com.github.fommil.netlib.F2jBLAS,local[4],0,1,True,Success,7.352905393,9,0,0,,0,independent-original-lp,1.778737473404529e-16,5.2145964774624516e-17,1.1280704624302537e-11,-17.7141990904096,7.797130697905958e-12,1.3751879839016918e-15,2.0954360506565432e-16,3107034848,3709009920,driver process; combined with executors in local mode; includes validation,,primary-1000-10-20-well-29-1e-08-4--cholesky/records.jsonl,,dede0da92c70956f7f203452fee46f629e0d1dc856051cdf8cc7e33bd7f938d6,1
rerun-20260914-sparsity-and-conditioning,cfg-ccf9b49ed878ed68,env-e6211d7d84b6,primary-1000-10-20-well-29-1e-08-4,1000,10000,20000,well,29,,20,,,a63b9a6a5d7baef338e5433331caf0569dbc59d10307de58035ec3d5708ecc44,cfg-e9c4ad26e57bc1e8,com.github.vbmacher.spark_lp.CholeskyBenchmark,Cholesky,cholesky,,,1e-08,100,,1e-10,1000,0.0,0.0,268435456,8,1,4,4,core solve excluding independent validation,1,,c150dcaa9a783c63fc422d89a40d6daa77f19dc218c7f59971913ab43d4ab4ec,fedora,Linux,3.5.3,11.0.26+4-LTS,com.github.fommil.netlib.F2jBLAS,local[4],1,1,False,Success,5.982645173,9,0,0,,0,independent-original-lp,1.778737473404529e-16,5.2145964774624516e-17,1.1280704624302537e-11,-17.7141990904096,7.797130697905958e-12,1.3751879839016918e-15,2.0954360506565432e-16,3063241696,3949936640,driver process; combined with executors in local mode; includes validation,,primary-1000-10-20-well-29-1e-08-4--cholesky/records.jsonl,,dede0da92c70956f7f203452fee46f629e0d1dc856051cdf8cc7e33bd7f938d6,2
rerun-20260914-sparsity-and-conditioning,cfg-ccf9b49ed878ed68,env-e6211d7d84b6,primary-1000-10-20-well-29-1e-08-4,1000,10000,20000,well,29,,20,,,a63b9a6a5d7baef338e5433331caf0569dbc59d10307de58035ec3d5708ecc44,cfg-e9c4ad26e57bc1e8,com.github.vbmacher.spark_lp.CholeskyBenchmark,Cholesky,cholesky,,,1e-08,100,,1e-10,1000,0.0,0.0,268435456,8,1,4,4,core solve excluding independent validation,1,,c150dcaa9a783c63fc422d89a40d6daa77f19dc218c7f59971913ab43d4ab4ec,fedora,Linux,3.5.3,11.0.26+4-LTS,com.github.fommil.netlib.F2jBLAS,local[4],2,1,False,Success,6.194074437,9,0,0,,0,independent-original-lp,1.778737473404529e-16,5.2145964774624516e-17,1.1280704624302537e-11,-17.7141990904096,7.797130697905958e-12,1.3751879839016918e-15,2.0954360506565432e-16,3124070688,4094689280,driver process; combined with executors in local mode; includes validation,,primary-1000-10-20-well-29-1e-08-4--cholesky/records.jsonl,,dede0da92c70956f7f203452fee46f629e0d1dc856051cdf8cc7e33bd7f938d6,3
rerun-20260914-sparsity-and-conditioning,cfg-ccf9b49ed878ed68,env-e6211d7d84b6,primary-1000-10-20-well-29-1e-08-4,1000,10000,20000,well,29,,20,,,a63b9a6a5d7baef338e5433331caf0569dbc59d10307de58035ec3d5708ecc44,cfg-e9c4ad26e57bc1e8,com.github.vbmacher.spark_lp.CholeskyBenchmark,Cholesky,cholesky,,,1e-08,100,,1e-10,1000,0.0,0.0,268435456,8,1,4,4,core solve excluding independent validation,1,,c150dcaa9a783c63fc422d89a40d6daa77f19dc218c7f59971913ab43d4ab4ec,fedora,Linux,3.5.3,11.0.26+4-LTS,com.github.fommil.netlib.F2jBLAS,local[4],3,1,False,Success,5.850943765,9,0,0,,0,independent-original-lp,1.778737473404529e-16,5.2145964774624516e-17,1.1280704624302537e-11,-17.7141990904096,7.797130697905958e-12,1.3751879839016918e-15,2.0954360506565432e-16,3290759640,4209197056,driver process; combined with executors in local mode; includes validation,,primary-1000-10-20-well-29-1e-08-4--cholesky/records.jsonl,,dede0da92c70956f7f203452fee46f629e0d1dc856051cdf8cc7e33bd7f938d6,4
rerun-20260914-sparsity-and-conditioning,cfg-ccf9b49ed878ed68,env-e6211d7d84b6,primary-1000-10-20-well-29-1e-08-4,1000,10000,20000,well,29,,20,,,a63b9a6a5d7baef338e5433331caf0569dbc59d10307de58035ec3d5708ecc44,cfg-e9c4ad26e57bc1e8,com.github.vbmacher.spark_lp.CholeskyBenchmark,Cholesky,cholesky,,,1e-08,100,,1e-10,1000,0.0,0.0,268435456,8,1,4,4,core solve excluding independent validation,1,,c150dcaa9a783c63fc422d89a40d6daa77f19dc218c7f59971913ab43d4ab4ec,fedora,Linux,3.5.3,11.0.26+4-LTS,com.github.fommil.netlib.F2jBLAS,local[4],4,1,False,Success,6.110745563,9,0,0,,0,independent-original-lp,1.778737473404529e-16,5.2145964774624516e-17,1.1280704624302537e-11,-17.7141990904096,7.797130697905958e-12,1.3751879839016918e-15,2.0954360506565432e-16,3027810288,4259856384,driver process; combined with executors in local mode; includes validation,,primary-1000-10-20-well-29-1e-08-4--cholesky/records.jsonl,,dede0da92c70956f7f203452fee46f629e0d1dc856051cdf8cc7e33bd7f938d6,5
rerun-20260914-sparsity-and-conditioning,cfg-ccf9b49ed878ed68,env-e6211d7d84b6,primary-1000-10-20-well-29-1e-08-4,1000,10000,20000,well,29,,20,,,a63b9a6a5d7baef338e5433331caf0569dbc59d10307de58035ec3d5708ecc44,cfg-e9c4ad26e57bc1e8,com.github.vbmacher.spark_lp.CholeskyBenchmark,Cholesky,cholesky,,,1e-08,100,,1e-10,1000,0.0,0.0,268435456,8,1,4,4,core solve excluding independent validation,1,,c150dcaa9a783c63fc422d89a40d6daa77f19dc218c7f59971913ab43d4ab4ec,fedora,Linux,3.5.3,11.0.26+4-LTS,com.github.fommil.netlib.F2jBLAS,local[4],5,1,False,Success,5.983159091999999,9,0,0,,0,independent-original-lp,1.778737473404529e-16,5.2145964774624516e-17,1.1280704624302537e-11,-17.7141990904096,7.797130697905958e-12,1.3751879839016918e-15,2.0954360506565432e-16,3039934696,4277207040,driver process; combined with executors in local mode; includes validation,,primary-1000-10-20-well-29-1e-08-4--cholesky/records.jsonl,,dede0da92c70956f7f203452fee46f629e0d1dc856051cdf8cc7e33bd7f938d6,6
rerun-20260914-sparsity-and-conditioning,cfg-e57599231c883a6e,env-e6211d7d84b6,primary-1000-10-20-well-47-1e-08-4,1000,10000,20000,well,47,,20,,,f1e11086fe188d55ec3e6e61aacdad89821eb30b2b4a64241a7342395485abe3,cfg-7bf483fe07fa8b1f,com.github.vbmacher.spark_lp.CGBenchmark,CG,cg,,,1e-08,100,,1e-10,1000,1e-08,1e-08,268435456,8,1,4,4,core solve excluding independent validation,1,,c150dcaa9a783c63fc422d89a40d6daa77f19dc218c7f59971913ab43d4ab4ec,fedora,Linux,3.5.3,11.0.26+4-LTS,com.github.fommil.netlib.F2jBLAS,local[4],0,1,True,Success,15.553284975999999,8,262,0,,0,independent-original-lp,1.7044592668062113e-15,6.689885195156141e-16,8.51394256243669e-09,15.37575365829278,6.173692671132344e-09,1.443708382511049e-12,1.1013350388645459e-13,3067050304,3755982848,driver process; combined with executors in local mode; includes validation,,primary-1000-10-20-well-47-1e-08-4--cg/records.jsonl,,7c472fc27260bcdf4f915143e4763b9e97e26d383bf47007e03d3598e44430ab,1
rerun-20260914-sparsity-and-conditioning,cfg-e57599231c883a6e,env-e6211d7d84b6,primary-1000-10-20-well-47-1e-08-4,1000,10000,20000,well,47,,20,,,f1e11086fe188d55ec3e6e61aacdad89821eb30b2b4a64241a7342395485abe3,cfg-7bf483fe07fa8b1f,com.github.vbmacher.spark_lp.CGBenchmark,CG,cg,,,1e-08,100,,1e-10,1000,1e-08,1e-08,268435456,8,1,4,4,core solve excluding independent validation,1,,c150dcaa9a783c63fc422d89a40d6daa77f19dc218c7f59971913ab43d4ab4ec,fedora,Linux,3.5.3,11.0.26+4-LTS,com.github.fommil.netlib.F2jBLAS,local[4],1,1,False,Success,13.557758758999999,8,262,0,,0,independent-original-lp,1.7044592668062113e-15,6.689885195156141e-16,8.51394256243669e-09,15.37575365829278,6.173692671132344e-09,1.443708382511049e-12,1.1013350388645459e-13,2637674496,3920822272,driver process; combined with executors in local mode; includes validation,,primary-1000-10-20-well-47-1e-08-4--cg/records.jsonl,,7c472fc27260bcdf4f915143e4763b9e97e26d383bf47007e03d3598e44430ab,2
rerun-20260914-sparsity-and-conditioning,cfg-e57599231c883a6e,env-e6211d7d84b6,primary-1000-10-20-well-47-1e-08-4,1000,10000,20000,well,47,,20,,,f1e11086fe188d55ec3e6e61aacdad89821eb30b2b4a64241a7342395485abe3,cfg-7bf483fe07fa8b1f,com.github.vbmacher.spark_lp.CGBenchmark,CG,cg,,,1e-08,100,,1e-10,1000,1e-08,1e-08,268435456,8,1,4,4,core solve excluding independent validation,1,,c150dcaa9a783c63fc422d89a40d6daa77f19dc218c7f59971913ab43d4ab4ec,fedora,Linux,3.5.3,11.0.26+4-LTS,com.github.fommil.netlib.F2jBLAS,local[4],2,1,False,Success,15.32749889,8,262,0,,0,independent-original-lp,1.7044592668062113e-15,6.689885195156141e-16,8.51394256243669e-09,15.37575365829278,6.173692671132344e-09,1.443708382511049e-12,1.1013350388645459e-13,3058981872,4029988864,driver process; combined with executors in local mode; includes validation,,primary-1000-10-20-well-47-1e-08-4--cg/records.jsonl,,7c472fc27260bcdf4f915143e4763b9e97e26d383bf47007e03d3598e44430ab,3
rerun-20260914-sparsity-and-conditioning,cfg-e57599231c883a6e,env-e6211d7d84b6,primary-1000-10-20-well-47-1e-08-4,1000,10000,20000,well,47,,20,,,f1e11086fe188d55ec3e6e61aacdad89821eb30b2b4a64241a7342395485abe3,cfg-7bf483fe07fa8b1f,com.github.vbmacher.spark_lp.CGBenchmark,CG,cg,,,1e-08,100,,1e-10,1000,1e-08,1e-08,268435456,8,1,4,4,core solve excluding independent validation,1,,c150dcaa9a783c63fc422d89a40d6daa77f19dc218c7f59971913ab43d4ab4ec,fedora,Linux,3.5.3,11.0.26+4-LTS,com.github.fommil.netlib.F2jBLAS,local[4],3,1,False,Success,14.978178395,8,262,0,,0,independent-original-lp,1.7044592668062113e-15,6.689885195156141e-16,8.51394256243669e-09,15.37575365829278,6.173692671132344e-09,1.443708382511049e-12,1.1013350388645459e-13,3045765632,4054892544,driver process; combined with executors in local mode; includes validation,,primary-1000-10-20-well-47-1e-08-4--cg/records.jsonl,,7c472fc27260bcdf4f915143e4763b9e97e26d383bf47007e03d3598e44430ab,4
rerun-20260914-sparsity-and-conditioning,cfg-e57599231c883a6e,env-e6211d7d84b6,primary-1000-10-20-well-47-1e-08-4,1000,10000,20000,well,47,,20,,,f1e11086fe188d55ec3e6e61aacdad89821eb30b2b4a64241a7342395485abe3,cfg-7bf483fe07fa8b1f,com.github.vbmacher.spark_lp.CGBenchmark,CG,cg,,,1e-08,100,,1e-10,1000,1e-08,1e-08,268435456,8,1,4,4,core solve excluding independent validation,1,,c150dcaa9a783c63fc422d89a40d6daa77f19dc218c7f59971913ab43d4ab4ec,fedora,Linux,3.5.3,11.0.26+4-LTS,com.github.fommil.netlib.F2jBLAS,local[4],4,1,False,Success,14.409935266,8,262,0,,0,independent-original-lp,1.7044592668062113e-15,6.689885195156141e-16,8.51394256243669e-09,15.37575365829278,6.173692671132344e-09,1.443708382511049e-12,1.1013350388645459e-13,3070772224,4067393536,driver process; combined with executors in local mode; includes validation,,primary-1000-10-20-well-47-1e-08-4--cg/records.jsonl,,7c472fc27260bcdf4f915143e4763b9e97e26d383bf47007e03d3598e44430ab,5
rerun-20260914-sparsity-and-conditioning,cfg-e57599231c883a6e,env-e6211d7d84b6,primary-1000-10-20-well-47-1e-08-4,1000,10000,20000,well,47,,20,,,f1e11086fe188d55ec3e6e61aacdad89821eb30b2b4a64241a7342395485abe3,cfg-7bf483fe07fa8b1f,com.github.vbmacher.spark_lp.CGBenchmark,CG,cg,,,1e-08,100,,1e-10,1000,1e-08,1e-08,268435456,8,1,4,4,core solve excluding independent validation,1,,c150dcaa9a783c63fc422d89a40d6daa77f19dc218c7f59971913ab43d4ab4ec,fedora,Linux,3.5.3,11.0.26+4-LTS,com.github.fommil.netlib.F2jBLAS,local[4],5,1,False,Success,13.22393305,8,262,0,,0,independent-original-lp,1.7044592668062113e-15,6.689885195156141e-16,8.51394256243669e-09,15.37575365829278,6.173692671132344e-09,1.443708382511049e-12,1.1013350388645459e-13,3071658624,4103241728,driver process; combined with executors in local mode; includes validation,,primary-1000-10-20-well-47-1e-08-4--cg/records.jsonl,,7c472fc27260bcdf4f915143e4763b9e97e26d383bf47007e03d3598e44430ab,6
rerun-20260914-sparsity-and-conditioning,cfg-ccf9b49ed878ed68,env-e6211d7d84b6,primary-1000-10-20-well-47-1e-08-4,1000,10000,20000,well,47,,20,,,f1e11086fe188d55ec3e6e61aacdad89821eb30b2b4a64241a7342395485abe3,cfg-e9c4ad26e57bc1e8,com.github.vbmacher.spark_lp.CholeskyBenchmark,Cholesky,cholesky,,,1e-08,100,,1e-10,1000,0.0,0.0,268435456,8,1,4,4,core solve excluding independent validation,1,,c150dcaa9a783c63fc422d89a40d6daa77f19dc218c7f59971913ab43d4ab4ec,fedora,Linux,3.5.3,11.0.26+4-LTS,com.github.fommil.netlib.F2jBLAS,local[4],0,1,True,Success,6.46800918,8,0,0,,0,independent-original-lp,2.9251072577191313e-16,5.0865523564507105e-17,8.514058088116053e-09,15.375753658292748,6.173690718585672e-09,1.443707686176542e-12,1.1013342299654118e-13,1574326144,2400927744,driver process; combined with executors in local mode; includes validation,,primary-1000-10-20-well-47-1e-08-4--cholesky/records.jsonl,,632390cd8310e5c9e39280f049a29e1268ad71b7ecbbaf531c0adea04dad1659,1
rerun-20260914-sparsity-and-conditioning,cfg-ccf9b49ed878ed68,env-e6211d7d84b6,primary-1000-10-20-well-47-1e-08-4,1000,10000,20000,well,47,,20,,,f1e11086fe188d55ec3e6e61aacdad89821eb30b2b4a64241a7342395485abe3,cfg-e9c4ad26e57bc1e8,com.github.vbmacher.spark_lp.CholeskyBenchmark,Cholesky,cholesky,,,1e-08,100,,1e-10,1000,0.0,0.0,268435456,8,1,4,4,core solve excluding independent validation,1,,c150dcaa9a783c63fc422d89a40d6daa77f19dc218c7f59971913ab43d4ab4ec,fedora,Linux,3.5.3,11.0.26+4-LTS,com.github.fommil.netlib.F2jBLAS,local[4],1,1,False,Success,4.952770404,8,0,0,,0,independent-original-lp,2.9251072577191313e-16,5.0865523564507105e-17,8.514058088116053e-09,15.375753658292748,6.173690718585672e-09,1.443707686176542e-12,1.1013342299654118e-13,3057415696,3740008448,driver process; combined with executors in local mode; includes validation,,primary-1000-10-20-well-47-1e-08-4--cholesky/records.jsonl,,632390cd8310e5c9e39280f049a29e1268ad71b7ecbbaf531c0adea04dad1659,2
rerun-20260914-sparsity-and-conditioning,cfg-ccf9b49ed878ed68,env-e6211d7d84b6,primary-1000-10-20-well-47-1e-08-4,1000,10000,20000,well,47,,20,,,f1e11086fe188d55ec3e6e61aacdad89821eb30b2b4a64241a7342395485abe3,cfg-e9c4ad26e57bc1e8,com.github.vbmacher.spark_lp.CholeskyBenchmark,Cholesky,cholesky,,,1e-08,100,,1e-10,1000,0.0,0.0,268435456,8,1,4,4,core solve excluding independent validation,1,,c150dcaa9a783c63fc422d89a40d6daa77f19dc218c7f59971913ab43d4ab4ec,fedora,Linux,3.5.3,11.0.26+4-LTS,com.github.fommil.netlib.F2jBLAS,local[4],2,1,False,Success,5.406878464,8,0,0,,0,independent-original-lp,2.9251072577191313e-16,5.0865523564507105e-17,8.514058088116053e-09,15.375753658292748,6.173690718585672e-09,1.443707686176542e-12,1.1013342299654118e-13,2403841376,3829252096,driver process; combined with executors in local mode; includes validation,,primary-1000-10-20-well-47-1e-08-4--cholesky/records.jsonl,,632390cd8310e5c9e39280f049a29e1268ad71b7ecbbaf531c0adea04dad1659,3
rerun-20260914-sparsity-and-conditioning,cfg-ccf9b49ed878ed68,env-e6211d7d84b6,primary-1000-10-20-well-47-1e-08-4,1000,10000,20000,well,47,,20,,,f1e11086fe188d55ec3e6e61aacdad89821eb30b2b4a64241a7342395485abe3,cfg-e9c4ad26e57bc1e8,com.github.vbmacher.spark_lp.CholeskyBenchmark,Cholesky,cholesky,,,1e-08,100,,1e-10,1000,0.0,0.0,268435456,8,1,4,4,core solve excluding independent validation,1,,c150dcaa9a783c63fc422d89a40d6daa77f19dc218c7f59971913ab43d4ab4ec,fedora,Linux,3.5.3,11.0.26+4-LTS,com.github.fommil.netlib.F2jBLAS,local[4],3,1,False,Success,5.429191242000001,8,0,0,,0,independent-original-lp,2.9251072577191313e-16,5.0865523564507105e-17,8.514058088116053e-09,15.375753658292748,6.173690718585672e-09,1.443707686176542e-12,1.1013342299654118e-13,2761555968,3909189632,driver process; combined with executors in local mode; includes validation,,primary-1000-10-20-well-47-1e-08-4--cholesky/records.jsonl,,632390cd8310e5c9e39280f049a29e1268ad71b7ecbbaf531c0adea04dad1659,4
rerun-20260914-sparsity-and-conditioning,cfg-ccf9b49ed878ed68,env-e6211d7d84b6,primary-1000-10-20-well-47-1e-08-4,1000,10000,20000,well,47,,20,,,f1e11086fe188d55ec3e6e61aacdad89821eb30b2b4a64241a7342395485abe3,cfg-e9c4ad26e57bc1e8,com.github.vbmacher.spark_lp.CholeskyBenchmark,Cholesky,cholesky,,,1e-08,100,,1e-10,1000,0.0,0.0,268435456,8,1,4,4,core solve excluding independent validation,1,,c150dcaa9a783c63fc422d89a40d6daa77f19dc218c7f59971913ab43d4ab4ec,fedora,Linux,3.5.3,11.0.26+4-LTS,com.github.fommil.netlib.F2jBLAS,local[4],4,1,False,Success,5.2436173980000005,8,0,0,,0,independent-original-lp,2.9251072577191313e-16,5.0865523564507105e-17,8.514058088116053e-09,15.375753658292748,6.173690718585672e-09,1.443707686176542e-12,1.1013342299654118e-13,2858477280,3953590272,driver process; combined with executors in local mode; includes validation,,primary-1000-10-20-well-47-1e-08-4--cholesky/records.jsonl,,632390cd8310e5c9e39280f049a29e1268ad71b7ecbbaf531c0adea04dad1659,5
rerun-20260914-sparsity-and-conditioning,cfg-ccf9b49ed878ed68,env-e6211d7d84b6,primary-1000-10-20-well-47-1e-08-4,1000,10000,20000,well,47,,20,,,f1e11086fe188d55ec3e6e61aacdad89821eb30b2b4a64241a7342395485abe3,cfg-e9c4ad26e57bc1e8,com.github.vbmacher.spark_lp.CholeskyBenchmark,Cholesky,cholesky,,,1e-08,100,,1e-10,1000,0.0,0.0,268435456,8,1,4,4,core solve excluding independent validation,1,,c150dcaa9a783c63fc422d89a40d6daa77f19dc218c7f59971913ab43d4ab4ec,fedora,Linux,3.5.3,11.0.26+4-LTS,com.github.fommil.netlib.F2jBLAS,local[4],5,1,False,Success,5.337011323,8,0,0,,0,independent-original-lp,2.9251072577191313e-16,5.0865523564507105e-17,8.514058088116053e-09,15.375753658292748,6.173690718585672e-09,1.443707686176542e-12,1.1013342299654118e-13,3000680640,4002594816,driver process; combined with executors in local mode; includes validation,,primary-1000-10-20-well-47-1e-08-4--cholesky/records.jsonl,,632390cd8310e5c9e39280f049a29e1268ad71b7ecbbaf531c0adea04dad1659,6
rerun-20260914-sparsity-and-conditioning,cfg-e57599231c883a6e,env-e6211d7d84b6,primary-2500-10-20-well-11-1e-08-4,2500,25000,50000,well,11,,20,,,bef9bc725bf45053bf07d645c378951cffde88211fae7be0a6c85423aa01bb1a,cfg-7bf483fe07fa8b1f,com.github.vbmacher.spark_lp.CGBenchmark,CG,cg,,,1e-08,100,,1e-10,1000,1e-08,1e-08,268435456,8,1,4,4,core solve excluding independent validation,1,,c150dcaa9a783c63fc422d89a40d6daa77f19dc218c7f59971913ab43d4ab4ec,fedora,Linux,3.5.3,11.0.26+4-LTS,com.github.fommil.netlib.F2jBLAS,local[4],0,1,True,Success,20.180814964000003,9,291,0,,0,independent-original-lp,2.5525302003534484e-10,5.587605390718316e-17,1.8485672720385072e-09,-3.347225055849937,1.350104934427162e-09,2.1649077540629142e-14,6.292607487358574e-15,2410625064,3497525248,driver process; combined with executors in local mode; includes validation,,primary-2500-10-20-well-11-1e-08-4--cg/records.jsonl,,143676c98f46b175968464c3f287c305d914bd5a8e941512519ab8aa65466b13,1
rerun-20260914-sparsity-and-conditioning,cfg-e57599231c883a6e,env-e6211d7d84b6,primary-2500-10-20-well-11-1e-08-4,2500,25000,50000,well,11,,20,,,bef9bc725bf45053bf07d645c378951cffde88211fae7be0a6c85423aa01bb1a,cfg-7bf483fe07fa8b1f,com.github.vbmacher.spark_lp.CGBenchmark,CG,cg,,,1e-08,100,,1e-10,1000,1e-08,1e-08,268435456,8,1,4,4,core solve excluding independent validation,1,,c150dcaa9a783c63fc422d89a40d6daa77f19dc218c7f59971913ab43d4ab4ec,fedora,Linux,3.5.3,11.0.26+4-LTS,com.github.fommil.netlib.F2jBLAS,local[4],1,1,False,Success,18.662115712000002,9,291,0,,0,independent-original-lp,2.5525302003534484e-10,5.587605390718316e-17,1.8485672720385072e-09,-3.347225055849937,1.350104934427162e-09,2.1649077540629142e-14,6.292607487358574e-15,2965225392,4018864128,driver process; combined with executors in local mode; includes validation,,primary-2500-10-20-well-11-1e-08-4--cg/records.jsonl,,143676c98f46b175968464c3f287c305d914bd5a8e941512519ab8aa65466b13,2
rerun-20260914-sparsity-and-conditioning,cfg-e57599231c883a6e,env-e6211d7d84b6,primary-2500-10-20-well-11-1e-08-4,2500,25000,50000,well,11,,20,,,bef9bc725bf45053bf07d645c378951cffde88211fae7be0a6c85423aa01bb1a,cfg-7bf483fe07fa8b1f,com.github.vbmacher.spark_lp.CGBenchmark,CG,cg,,,1e-08,100,,1e-10,1000,1e-08,1e-08,268435456,8,1,4,4,core solve excluding independent validation,1,,c150dcaa9a783c63fc422d89a40d6daa77f19dc218c7f59971913ab43d4ab4ec,fedora,Linux,3.5.3,11.0.26+4-LTS,com.github.fommil.netlib.F2jBLAS,local[4],2,1,False,Success,16.978935764,9,291,0,,0,independent-original-lp,2.5525302003534484e-10,5.587605390718316e-17,1.8485672720385072e-09,-3.347225055849937,1.350104934427162e-09,2.1649077540629142e-14,6.292607487358574e-15,3184097912,4131176448,driver process; combined with executors in local mode; includes validation,,primary-2500-10-20-well-11-1e-08-4--cg/records.jsonl,,143676c98f46b175968464c3f287c305d914bd5a8e941512519ab8aa65466b13,3
rerun-20260914-sparsity-and-conditioning,cfg-e57599231c883a6e,env-e6211d7d84b6,primary-2500-10-20-well-11-1e-08-4,2500,25000,50000,well,11,,20,,,bef9bc725bf45053bf07d645c378951cffde88211fae7be0a6c85423aa01bb1a,cfg-7bf483fe07fa8b1f,com.github.vbmacher.spark_lp.CGBenchmark,CG,cg,,,1e-08,100,,1e-10,1000,1e-08,1e-08,268435456,8,1,4,4,core solve excluding independent validation,1,,c150dcaa9a783c63fc422d89a40d6daa77f19dc218c7f59971913ab43d4ab4ec,fedora,Linux,3.5.3,11.0.26+4-LTS,com.github.fommil.netlib.F2jBLAS,local[4],3,1,False,Success,17.018691545,9,291,0,,0,independent-original-lp,2.5525302003534484e-10,5.587605390718316e-17,1.8485672720385072e-09,-3.347225055849937,1.350104934427162e-09,2.1649077540629142e-14,6.292607487358574e-15,3215781096,4223533056,driver process; combined with executors in local mode; includes validation,,primary-2500-10-20-well-11-1e-08-4--cg/records.jsonl,,143676c98f46b175968464c3f287c305d914bd5a8e941512519ab8aa65466b13,4
rerun-20260914-sparsity-and-conditioning,cfg-e57599231c883a6e,env-e6211d7d84b6,primary-2500-10-20-well-11-1e-08-4,2500,25000,50000,well,11,,20,,,bef9bc725bf45053bf07d645c378951cffde88211fae7be0a6c85423aa01bb1a,cfg-7bf483fe07fa8b1f,com.github.vbmacher.spark_lp.CGBenchmark,CG,cg,,,1e-08,100,,1e-10,1000,1e-08,1e-08,268435456,8,1,4,4,core solve excluding independent validation,1,,c150dcaa9a783c63fc422d89a40d6daa77f19dc218c7f59971913ab43d4ab4ec,fedora,Linux,3.5.3,11.0.26+4-LTS,com.github.fommil.netlib.F2jBLAS,local[4],4,1,False,Success,14.805359448,9,291,0,,0,independent-original-lp,2.5525302003534484e-10,5.587605390718316e-17,1.8485672720385072e-09,-3.347225055849937,1.350104934427162e-09,2.1649077540629142e-14,6.292607487358574e-15,3179332352,4235460608,driver process; combined with executors in local mode; includes validation,,primary-2500-10-20-well-11-1e-08-4--cg/records.jsonl,,143676c98f46b175968464c3f287c305d914bd5a8e941512519ab8aa65466b13,5
rerun-20260914-sparsity-and-conditioning,cfg-e57599231c883a6e,env-e6211d7d84b6,primary-2500-10-20-well-11-1e-08-4,2500,25000,50000,well,11,,20,,,bef9bc725bf45053bf07d645c378951cffde88211fae7be0a6c85423aa01bb1a,cfg-7bf483fe07fa8b1f,com.github.vbmacher.spark_lp.CGBenchmark,CG,cg,,,1e-08,100,,1e-10,1000,1e-08,1e-08,268435456,8,1,4,4,core solve excluding independent validation,1,,c150dcaa9a783c63fc422d89a40d6daa77f19dc218c7f59971913ab43d4ab4ec,fedora,Linux,3.5.3,11.0.26+4-LTS,com.github.fommil.netlib.F2jBLAS,local[4],5,1,False,Success,15.10964201,9,291,0,,0,independent-original-lp,2.5525302003534484e-10,5.587605390718316e-17,1.8485672720385072e-09,-3.347225055849937,1.350104934427162e-09,2.1649077540629142e-14,6.292607487358574e-15,3172193600,4255137792,driver process; combined with executors in local mode; includes validation,,primary-2500-10-20-well-11-1e-08-4--cg/records.jsonl,,143676c98f46b175968464c3f287c305d914bd5a8e941512519ab8aa65466b13,6
rerun-20260914-sparsity-and-conditioning,cfg-ccf9b49ed878ed68,env-e6211d7d84b6,primary-2500-10-20-well-11-1e-08-4,2500,25000,50000,well,11,,20,,,bef9bc725bf45053bf07d645c378951cffde88211fae7be0a6c85423aa01bb1a,cfg-e9c4ad26e57bc1e8,com.github.vbmacher.spark_lp.CholeskyBenchmark,Cholesky,cholesky,,,1e-08,100,,1e-10,1000,0.0,0.0,268435456,8,1,4,4,core solve excluding independent validation,1,,c150dcaa9a783c63fc422d89a40d6daa77f19dc218c7f59971913ab43d4ab4ec,fedora,Linux,3.5.3,11.0.26+4-LTS,com.github.fommil.netlib.F2jBLAS,local[4],0,1,True,Success,29.785489021,9,0,0,,0,independent-original-lp,5.5836005915416544e-15,5.1419668993722426e-17,1.6834449211374126e-09,-3.347225056567897,1.1849513241240661e-09,2.1649078440252173e-14,6.2925923194891735e-15,2401601960,3489873920,driver process; combined with executors in local mode; includes validation,,primary-2500-10-20-well-11-1e-08-4--cholesky/records.jsonl,,a64af400945a66636c4a4d3b0cf179dc41a6d2b5594a55749f06137f14ecddf6,1
rerun-20260914-sparsity-and-conditioning,cfg-ccf9b49ed878ed68,env-e6211d7d84b6,primary-2500-10-20-well-11-1e-08-4,2500,25000,50000,well,11,,20,,,bef9bc725bf45053bf07d645c378951cffde88211fae7be0a6c85423aa01bb1a,cfg-e9c4ad26e57bc1e8,com.github.vbmacher.spark_lp.CholeskyBenchmark,Cholesky,cholesky,,,1e-08,100,,1e-10,1000,0.0,0.0,268435456,8,1,4,4,core solve excluding independent validation,1,,c150dcaa9a783c63fc422d89a40d6daa77f19dc218c7f59971913ab43d4ab4ec,fedora,Linux,3.5.3,11.0.26+4-LTS,com.github.fommil.netlib.F2jBLAS,local[4],1,1,False,Success,28.005884633,9,0,0,,0,independent-original-lp,5.5836005915416544e-15,5.1419668993722426e-17,1.6834449211374126e-09,-3.347225056567897,1.1849513241240661e-09,2.1649078440252173e-14,6.2925923194891735e-15,2476224624,3613720576,driver process; combined with executors in local mode; includes validation,,primary-2500-10-20-well-11-1e-08-4--cholesky/records.jsonl,,a64af400945a66636c4a4d3b0cf179dc41a6d2b5594a55749f06137f14ecddf6,2
rerun-20260914-sparsity-and-conditioning,cfg-ccf9b49ed878ed68,env-e6211d7d84b6,primary-2500-10-20-well-11-1e-08-4,2500,25000,50000,well,11,,20,,,bef9bc725bf45053bf07d645c378951cffde88211fae7be0a6c85423aa01bb1a,cfg-e9c4ad26e57bc1e8,com.github.vbmacher.spark_lp.CholeskyBenchmark,Cholesky,cholesky,,,1e-08,100,,1e-10,1000,0.0,0.0,268435456,8,1,4,4,core solve excluding independent validation,1,,c150dcaa9a783c63fc422d89a40d6daa77f19dc218c7f59971913ab43d4ab4ec,fedora,Linux,3.5.3,11.0.26+4-LTS,com.github.fommil.netlib.F2jBLAS,local[4],2,1,False,Success,28.235635696,9,0,0,,0,independent-original-lp,5.5836005915416544e-15,5.1419668993722426e-17,1.6834449211374126e-09,-3.347225056567897,1.1849513241240661e-09,2.1649078440252173e-14,6.2925923194891735e-15,2528799856,3714285568,driver process; combined with executors in local mode; includes validation,,primary-2500-10-20-well-11-1e-08-4--cholesky/records.jsonl,,a64af400945a66636c4a4d3b0cf179dc41a6d2b5594a55749f06137f14ecddf6,3
rerun-20260914-sparsity-and-conditioning,cfg-ccf9b49ed878ed68,env-e6211d7d84b6,primary-2500-10-20-well-11-1e-08-4,2500,25000,50000,well,11,,20,,,bef9bc725bf45053bf07d645c378951cffde88211fae7be0a6c85423aa01bb1a,cfg-e9c4ad26e57bc1e8,com.github.vbmacher.spark_lp.CholeskyBenchmark,Cholesky,cholesky,,,1e-08,100,,1e-10,1000,0.0,0.0,268435456,8,1,4,4,core solve excluding independent validation,1,,c150dcaa9a783c63fc422d89a40d6daa77f19dc218c7f59971913ab43d4ab4ec,fedora,Linux,3.5.3,11.0.26+4-LTS,com.github.fommil.netlib.F2jBLAS,local[4],3,1,False,Success,27.169921248,9,0,0,,0,independent-original-lp,5.5836005915416544e-15,5.1419668993722426e-17,1.6834449211374126e-09,-3.347225056567897,1.1849513241240661e-09,2.1649078440252173e-14,6.2925923194891735e-15,2499969056,3752787968,driver process; combined with executors in local mode; includes validation,,primary-2500-10-20-well-11-1e-08-4--cholesky/records.jsonl,,a64af400945a66636c4a4d3b0cf179dc41a6d2b5594a55749f06137f14ecddf6,4
rerun-20260914-sparsity-and-conditioning,cfg-ccf9b49ed878ed68,env-e6211d7d84b6,primary-2500-10-20-well-11-1e-08-4,2500,25000,50000,well,11,,20,,,bef9bc725bf45053bf07d645c378951cffde88211fae7be0a6c85423aa01bb1a,cfg-e9c4ad26e57bc1e8,com.github.vbmacher.spark_lp.CholeskyBenchmark,Cholesky,cholesky,,,1e-08,100,,1e-10,1000,0.0,0.0,268435456,8,1,4,4,core solve excluding independent validation,1,,c150dcaa9a783c63fc422d89a40d6daa77f19dc218c7f59971913ab43d4ab4ec,fedora,Linux,3.5.3,11.0.26+4-LTS,com.github.fommil.netlib.F2jBLAS,local[4],4,1,False,Success,27.246212589000002,9,0,0,,0,independent-original-lp,5.5836005915416544e-15,5.1419668993722426e-17,1.6834449211374126e-09,-3.347225056567897,1.1849513241240661e-09,2.1649078440252173e-14,6.2925923194891735e-15,2593262528,3812573184,driver process; combined with executors in local mode; includes validation,,primary-2500-10-20-well-11-1e-08-4--cholesky/records.jsonl,,a64af400945a66636c4a4d3b0cf179dc41a6d2b5594a55749f06137f14ecddf6,5
rerun-20260914-sparsity-and-conditioning,cfg-ccf9b49ed878ed68,env-e6211d7d84b6,primary-2500-10-20-well-11-1e-08-4,2500,25000,50000,well,11,,20,,,bef9bc725bf45053bf07d645c378951cffde88211fae7be0a6c85423aa01bb1a,cfg-e9c4ad26e57bc1e8,com.github.vbmacher.spark_lp.CholeskyBenchmark,Cholesky,cholesky,,,1e-08,100,,1e-10,1000,0.0,0.0,268435456,8,1,4,4,core solve excluding independent validation,1,,c150dcaa9a783c63fc422d89a40d6daa77f19dc218c7f59971913ab43d4ab4ec,fedora,Linux,3.5.3,11.0.26+4-LTS,com.github.fommil.netlib.F2jBLAS,local[4],5,1,False,Success,26.961981918,9,0,0,,0,independent-original-lp,5.5836005915416544e-15,5.1419668993722426e-17,1.6834449211374126e-09,-3.347225056567897,1.1849513241240661e-09,2.1649078440252173e-14,6.2925923194891735e-15,2654821024,3965616128,driver process; combined with executors in local mode; includes validation,,primary-2500-10-20-well-11-1e-08-4--cholesky/records.jsonl,,a64af400945a66636c4a4d3b0cf179dc41a6d2b5594a55749f06137f14ecddf6,6
rerun-20260914-sparsity-and-conditioning,cfg-e57599231c883a6e,env-e6211d7d84b6,primary-2500-10-20-well-29-1e-08-4,2500,25000,50000,well,29,,20,,,2c127698846a0d30574b04d80612aa4d2c48c1572a1da6c62586e42b2a7200ea,cfg-7bf483fe07fa8b1f,com.github.vbmacher.spark_lp.CGBenchmark,CG,cg,,,1e-08,100,,1e-10,1000,1e-08,1e-08,268435456,8,1,4,4,core solve excluding independent validation,1,,c150dcaa9a783c63fc422d89a40d6daa77f19dc218c7f59971913ab43d4ab4ec,fedora,Linux,3.5.3,11.0.26+4-LTS,com.github.fommil.netlib.F2jBLAS,local[4],0,1,True,Success,16.584579253,9,291,0,,0,independent-original-lp,1.7330827191047288e-11,5.268438901214557e-17,4.847482556060962e-10,2.9563548520121006,3.176404413617464e-10,4.469388725808153e-15,1.8617631344771516e-15,3166545128,3726327808,driver process; combined with executors in local mode; includes validation,,primary-2500-10-20-well-29-1e-08-4--cg/records.jsonl,,ae340dd9bd83e8768f5ce264fc08d30105bd53f2705cec522422853df51ed2dd,1
rerun-20260914-sparsity-and-conditioning,cfg-e57599231c883a6e,env-e6211d7d84b6,primary-2500-10-20-well-29-1e-08-4,2500,25000,50000,well,29,,20,,,2c127698846a0d30574b04d80612aa4d2c48c1572a1da6c62586e42b2a7200ea,cfg-7bf483fe07fa8b1f,com.github.vbmacher.spark_lp.CGBenchmark,CG,cg,,,1e-08,100,,1e-10,1000,1e-08,1e-08,268435456,8,1,4,4,core solve excluding independent validation,1,,c150dcaa9a783c63fc422d89a40d6daa77f19dc218c7f59971913ab43d4ab4ec,fedora,Linux,3.5.3,11.0.26+4-LTS,com.github.fommil.netlib.F2jBLAS,local[4],1,1,False,Success,14.500276884,9,291,0,,0,independent-original-lp,1.7330827191047288e-11,5.268438901214557e-17,4.847482556060962e-10,2.9563548520121006,3.176404413617464e-10,4.469388725808153e-15,1.8617631344771516e-15,2659428704,3928489984,driver process; combined with executors in local mode; includes validation,,primary-2500-10-20-well-29-1e-08-4--cg/records.jsonl,,ae340dd9bd83e8768f5ce264fc08d30105bd53f2705cec522422853df51ed2dd,2
rerun-20260914-sparsity-and-conditioning,cfg-e57599231c883a6e,env-e6211d7d84b6,primary-2500-10-20-well-29-1e-08-4,2500,25000,50000,well,29,,20,,,2c127698846a0d30574b04d80612aa4d2c48c1572a1da6c62586e42b2a7200ea,cfg-7bf483fe07fa8b1f,com.github.vbmacher.spark_lp.CGBenchmark,CG,cg,,,1e-08,100,,1e-10,1000,1e-08,1e-08,268435456,8,1,4,4,core solve excluding independent validation,1,,c150dcaa9a783c63fc422d89a40d6daa77f19dc218c7f59971913ab43d4ab4ec,fedora,Linux,3.5.3,11.0.26+4-LTS,com.github.fommil.netlib.F2jBLAS,local[4],2,1,False,Success,16.736042675,9,291,0,,0,independent-original-lp,1.7330827191047288e-11,5.268438901214557e-17,4.847482556060962e-10,2.9563548520121006,3.176404413617464e-10,4.469388725808153e-15,1.8617631344771516e-15,2983529160,4020453376,driver process; combined with executors in local mode; includes validation,,primary-2500-10-20-well-29-1e-08-4--cg/records.jsonl,,ae340dd9bd83e8768f5ce264fc08d30105bd53f2705cec522422853df51ed2dd,3
rerun-20260914-sparsity-and-conditioning,cfg-e57599231c883a6e,env-e6211d7d84b6,primary-2500-10-20-well-29-1e-08-4,2500,25000,50000,well,29,,20,,,2c127698846a0d30574b04d80612aa4d2c48c1572a1da6c62586e42b2a7200ea,cfg-7bf483fe07fa8b1f,com.github.vbmacher.spark_lp.CGBenchmark,CG,cg,,,1e-08,100,,1e-10,1000,1e-08,1e-08,268435456,8,1,4,4,core solve excluding independent validation,1,,c150dcaa9a783c63fc422d89a40d6daa77f19dc218c7f59971913ab43d4ab4ec,fedora,Linux,3.5.3,11.0.26+4-LTS,com.github.fommil.netlib.F2jBLAS,local[4],3,1,False,Success,17.521013679,9,291,0,,0,independent-original-lp,1.7330827191047288e-11,5.268438901214557e-17,4.847482556060962e-10,2.9563548520121006,3.176404413617464e-10,4.469388725808153e-15,1.8617631344771516e-15,3009520128,4057858048,driver process; combined with executors in local mode; includes validation,,primary-2500-10-20-well-29-1e-08-4--cg/records.jsonl,,ae340dd9bd83e8768f5ce264fc08d30105bd53f2705cec522422853df51ed2dd,4
rerun-20260914-sparsity-and-conditioning,cfg-e57599231c883a6e,env-e6211d7d84b6,primary-2500-10-20-well-29-1e-08-4,2500,25000,50000,well,29,,20,,,2c127698846a0d30574b04d80612aa4d2c48c1572a1da6c62586e42b2a7200ea,cfg-7bf483fe07fa8b1f,com.github.vbmacher.spark_lp.CGBenchmark,CG,cg,,,1e-08,100,,1e-10,1000,1e-08,1e-08,268435456,8,1,4,4,core solve excluding independent validation,1,,c150dcaa9a783c63fc422d89a40d6daa77f19dc218c7f59971913ab43d4ab4ec,fedora,Linux,3.5.3,11.0.26+4-LTS,com.github.fommil.netlib.F2jBLAS,local[4],4,1,False,Success,17.537606845,9,291,0,,0,independent-original-lp,1.7330827191047288e-11,5.268438901214557e-17,4.847482556060962e-10,2.9563548520121006,3.176404413617464e-10,4.469388725808153e-15,1.8617631344771516e-15,3087881824,4065476608,driver process; combined with executors in local mode; includes validation,,primary-2500-10-20-well-29-1e-08-4--cg/records.jsonl,,ae340dd9bd83e8768f5ce264fc08d30105bd53f2705cec522422853df51ed2dd,5
rerun-20260914-sparsity-and-conditioning,cfg-e57599231c883a6e,env-e6211d7d84b6,primary-2500-10-20-well-29-1e-08-4,2500,25000,50000,well,29,,20,,,2c127698846a0d30574b04d80612aa4d2c48c1572a1da6c62586e42b2a7200ea,cfg-7bf483fe07fa8b1f,com.github.vbmacher.spark_lp.CGBenchmark,CG,cg,,,1e-08,100,,1e-10,1000,1e-08,1e-08,268435456,8,1,4,4,core solve excluding independent validation,1,,c150dcaa9a783c63fc422d89a40d6daa77f19dc218c7f59971913ab43d4ab4ec,fedora,Linux,3.5.3,11.0.26+4-LTS,com.github.fommil.netlib.F2jBLAS,local[4],5,1,False,Success,17.037401722,9,291,0,,0,independent-original-lp,1.7330827191047288e-11,5.268438901214557e-17,4.847482556060962e-10,2.9563548520121006,3.176404413617464e-10,4.469388725808153e-15,1.8617631344771516e-15,3087561896,4081876992,driver process; combined with executors in local mode; includes validation,,primary-2500-10-20-well-29-1e-08-4--cg/records.jsonl,,ae340dd9bd83e8768f5ce264fc08d30105bd53f2705cec522422853df51ed2dd,6
rerun-20260914-sparsity-and-conditioning,cfg-ccf9b49ed878ed68,env-e6211d7d84b6,primary-2500-10-20-well-29-1e-08-4,2500,25000,50000,well,29,,20,,,2c127698846a0d30574b04d80612aa4d2c48c1572a1da6c62586e42b2a7200ea,cfg-e9c4ad26e57bc1e8,com.github.vbmacher.spark_lp.CholeskyBenchmark,Cholesky,cholesky,,,1e-08,100,,1e-10,1000,0.0,0.0,268435456,8,1,4,4,core solve excluding independent validation,1,,c150dcaa9a783c63fc422d89a40d6daa77f19dc218c7f59971913ab43d4ab4ec,fedora,Linux,3.5.3,11.0.26+4-LTS,com.github.fommil.netlib.F2jBLAS,local[4],0,1,True,Success,29.245168613,9,0,0,,0,independent-original-lp,1.8054958368385837e-16,5.173487299349739e-17,4.037388771686691e-10,2.956354851691567,2.366230933964222e-10,4.469387351013466e-15,1.8617629184782826e-15,2598939824,4317839360,driver process; combined with executors in local mode; includes validation,,primary-2500-10-20-well-29-1e-08-4--cholesky/records.jsonl,,aab75f4723fb6eb30eca7729d4f8aa8f2e0783e7bd6415c5bdaaf0cb3922f05d,1
rerun-20260914-sparsity-and-conditioning,cfg-ccf9b49ed878ed68,env-e6211d7d84b6,primary-2500-10-20-well-29-1e-08-4,2500,25000,50000,well,29,,20,,,2c127698846a0d30574b04d80612aa4d2c48c1572a1da6c62586e42b2a7200ea,cfg-e9c4ad26e57bc1e8,com.github.vbmacher.spark_lp.CholeskyBenchmark,Cholesky,cholesky,,,1e-08,100,,1e-10,1000,0.0,0.0,268435456,8,1,4,4,core solve excluding independent validation,1,,c150dcaa9a783c63fc422d89a40d6daa77f19dc218c7f59971913ab43d4ab4ec,fedora,Linux,3.5.3,11.0.26+4-LTS,com.github.fommil.netlib.F2jBLAS,local[4],1,1,False,Success,27.464264468000003,9,0,0,,0,independent-original-lp,1.8054958368385837e-16,5.173487299349739e-17,4.037388771686691e-10,2.956354851691567,2.366230933964222e-10,4.469387351013466e-15,1.8617629184782826e-15,2574018936,4380442624,driver process; combined with executors in local mode; includes validation,,primary-2500-10-20-well-29-1e-08-4--cholesky/records.jsonl,,aab75f4723fb6eb30eca7729d4f8aa8f2e0783e7bd6415c5bdaaf0cb3922f05d,2
rerun-20260914-sparsity-and-conditioning,cfg-ccf9b49ed878ed68,env-e6211d7d84b6,primary-2500-10-20-well-29-1e-08-4,2500,25000,50000,well,29,,20,,,2c127698846a0d30574b04d80612aa4d2c48c1572a1da6c62586e42b2a7200ea,cfg-e9c4ad26e57bc1e8,com.github.vbmacher.spark_lp.CholeskyBenchmark,Cholesky,cholesky,,,1e-08,100,,1e-10,1000,0.0,0.0,268435456,8,1,4,4,core solve excluding independent validation,1,,c150dcaa9a783c63fc422d89a40d6daa77f19dc218c7f59971913ab43d4ab4ec,fedora,Linux,3.5.3,11.0.26+4-LTS,com.github.fommil.netlib.F2jBLAS,local[4],2,1,False,Success,27.562139289999998,9,0,0,,0,independent-original-lp,1.8054958368385837e-16,5.173487299349739e-17,4.037388771686691e-10,2.956354851691567,2.366230933964222e-10,4.469387351013466e-15,1.8617629184782826e-15,2557444880,4433330176,driver process; combined with executors in local mode; includes validation,,primary-2500-10-20-well-29-1e-08-4--cholesky/records.jsonl,,aab75f4723fb6eb30eca7729d4f8aa8f2e0783e7bd6415c5bdaaf0cb3922f05d,3
rerun-20260914-sparsity-and-conditioning,cfg-ccf9b49ed878ed68,env-e6211d7d84b6,primary-2500-10-20-well-29-1e-08-4,2500,25000,50000,well,29,,20,,,2c127698846a0d30574b04d80612aa4d2c48c1572a1da6c62586e42b2a7200ea,cfg-e9c4ad26e57bc1e8,com.github.vbmacher.spark_lp.CholeskyBenchmark,Cholesky,cholesky,,,1e-08,100,,1e-10,1000,0.0,0.0,268435456,8,1,4,4,core solve excluding independent validation,1,,c150dcaa9a783c63fc422d89a40d6daa77f19dc218c7f59971913ab43d4ab4ec,fedora,Linux,3.5.3,11.0.26+4-LTS,com.github.fommil.netlib.F2jBLAS,local[4],3,1,False,Success,28.012939833999997,9,0,0,,0,independent-original-lp,1.8054958368385837e-16,5.173487299349739e-17,4.037388771686691e-10,2.956354851691567,2.366230933964222e-10,4.469387351013466e-15,1.8617629184782826e-15,2630554064,4455563264,driver process; combined with executors in local mode; includes validation,,primary-2500-10-20-well-29-1e-08-4--cholesky/records.jsonl,,aab75f4723fb6eb30eca7729d4f8aa8f2e0783e7bd6415c5bdaaf0cb3922f05d,4
rerun-20260914-sparsity-and-conditioning,cfg-ccf9b49ed878ed68,env-e6211d7d84b6,primary-2500-10-20-well-29-1e-08-4,2500,25000,50000,well,29,,20,,,2c127698846a0d30574b04d80612aa4d2c48c1572a1da6c62586e42b2a7200ea,cfg-e9c4ad26e57bc1e8,com.github.vbmacher.spark_lp.CholeskyBenchmark,Cholesky,cholesky,,,1e-08,100,,1e-10,1000,0.0,0.0,268435456,8,1,4,4,core solve excluding independent validation,1,,c150dcaa9a783c63fc422d89a40d6daa77f19dc218c7f59971913ab43d4ab4ec,fedora,Linux,3.5.3,11.0.26+4-LTS,com.github.fommil.netlib.F2jBLAS,local[4],4,1,False,Success,28.116436308,9,0,0,,0,independent-original-lp,1.8054958368385837e-16,5.173487299349739e-17,4.037388771686691e-10,2.956354851691567,2.366230933964222e-10,4.469387351013466e-15,1.8617629184782826e-15,2631799136,4494508032,driver process; combined with executors in local mode; includes validation,,primary-2500-10-20-well-29-1e-08-4--cholesky/records.jsonl,,aab75f4723fb6eb30eca7729d4f8aa8f2e0783e7bd6415c5bdaaf0cb3922f05d,5
rerun-20260914-sparsity-and-conditioning,cfg-ccf9b49ed878ed68,env-e6211d7d84b6,primary-2500-10-20-well-29-1e-08-4,2500,25000,50000,well,29,,20,,,2c127698846a0d30574b04d80612aa4d2c48c1572a1da6c62586e42b2a7200ea,cfg-e9c4ad26e57bc1e8,com.github.vbmacher.spark_lp.CholeskyBenchmark,Cholesky,cholesky,,,1e-08,100,,1e-10,1000,0.0,0.0,268435456,8,1,4,4,core solve excluding independent validation,1,,c150dcaa9a783c63fc422d89a40d6daa77f19dc218c7f59971913ab43d4ab4ec,fedora,Linux,3.5.3,11.0.26+4-LTS,com.github.fommil.netlib.F2jBLAS,local[4],5,1,False,Success,28.51877561,9,0,0,,0,independent-original-lp,1.8054958368385837e-16,5.173487299349739e-17,4.037388771686691e-10,2.956354851691567,2.366230933964222e-10,4.469387351013466e-15,1.8617629184782826e-15,2570397384,4521394176,driver process; combined with executors in local mode; includes validation,,primary-2500-10-20-well-29-1e-08-4--cholesky/records.jsonl,,aab75f4723fb6eb30eca7729d4f8aa8f2e0783e7bd6415c5bdaaf0cb3922f05d,6
rerun-20260914-sparsity-and-conditioning,cfg-e57599231c883a6e,env-e6211d7d84b6,primary-2500-10-20-well-47-1e-08-4,2500,25000,50000,well,47,,20,,,3579827ed89a84d50a028480fe5605f06b147c4abbf84ce847a79fac1c1147f1,cfg-7bf483fe07fa8b1f,com.github.vbmacher.spark_lp.CGBenchmark,CG,cg,,,1e-08,100,,1e-10,1000,1e-08,1e-08,268435456,8,1,4,4,core solve excluding independent validation,1,,c150dcaa9a783c63fc422d89a40d6daa77f19dc218c7f59971913ab43d4ab4ec,fedora,Linux,3.5.3,11.0.26+4-LTS,com.github.fommil.netlib.F2jBLAS,local[4],0,1,True,Success,19.228361624999998,9,289,0,,0,independent-original-lp,1.9913408995737803e-10,5.2873253943886236e-17,3.378592235698014e-10,67.33646692667443,2.9971377032917734e-10,1.8398663099940025e-14,8.548615634213676e-15,3208068608,3967877120,driver process; combined with executors in local mode; includes validation,,primary-2500-10-20-well-47-1e-08-4--cg/records.jsonl,,a835a97318f37806a6c9a287093c9c9e1d497e6436b478e51e243f65e733dd22,1
rerun-20260914-sparsity-and-conditioning,cfg-e57599231c883a6e,env-e6211d7d84b6,primary-2500-10-20-well-47-1e-08-4,2500,25000,50000,well,47,,20,,,3579827ed89a84d50a028480fe5605f06b147c4abbf84ce847a79fac1c1147f1,cfg-7bf483fe07fa8b1f,com.github.vbmacher.spark_lp.CGBenchmark,CG,cg,,,1e-08,100,,1e-10,1000,1e-08,1e-08,268435456,8,1,4,4,core solve excluding independent validation,1,,c150dcaa9a783c63fc422d89a40d6daa77f19dc218c7f59971913ab43d4ab4ec,fedora,Linux,3.5.3,11.0.26+4-LTS,com.github.fommil.netlib.F2jBLAS,local[4],1,1,False,Success,15.730952779999999,9,289,0,,0,independent-original-lp,1.9913408995737803e-10,5.2873253943886236e-17,3.378592235698014e-10,67.33646692667443,2.9971377032917734e-10,1.8398663099940025e-14,8.548615634213676e-15,3270439064,4183244800,driver process; combined with executors in local mode; includes validation,,primary-2500-10-20-well-47-1e-08-4--cg/records.jsonl,,a835a97318f37806a6c9a287093c9c9e1d497e6436b478e51e243f65e733dd22,2
rerun-20260914-sparsity-and-conditioning,cfg-e57599231c883a6e,env-e6211d7d84b6,primary-2500-10-20-well-47-1e-08-4,2500,25000,50000,well,47,,20,,,3579827ed89a84d50a028480fe5605f06b147c4abbf84ce847a79fac1c1147f1,cfg-7bf483fe07fa8b1f,com.github.vbmacher.spark_lp.CGBenchmark,CG,cg,,,1e-08,100,,1e-10,1000,1e-08,1e-08,268435456,8,1,4,4,core solve excluding independent validation,1,,c150dcaa9a783c63fc422d89a40d6daa77f19dc218c7f59971913ab43d4ab4ec,fedora,Linux,3.5.3,11.0.26+4-LTS,com.github.fommil.netlib.F2jBLAS,local[4],2,1,False,Success,17.433235617,9,289,0,,0,independent-original-lp,1.9913408995737803e-10,5.2873253943886236e-17,3.378592235698014e-10,67.33646692667443,2.9971377032917734e-10,1.8398663099940025e-14,8.548615634213676e-15,3164701600,4201627648,driver process; combined with executors in local mode; includes validation,,primary-2500-10-20-well-47-1e-08-4--cg/records.jsonl,,a835a97318f37806a6c9a287093c9c9e1d497e6436b478e51e243f65e733dd22,3
rerun-20260914-sparsity-and-conditioning,cfg-e57599231c883a6e,env-e6211d7d84b6,primary-2500-10-20-well-47-1e-08-4,2500,25000,50000,well,47,,20,,,3579827ed89a84d50a028480fe5605f06b147c4abbf84ce847a79fac1c1147f1,cfg-7bf483fe07fa8b1f,com.github.vbmacher.spark_lp.CGBenchmark,CG,cg,,,1e-08,100,,1e-10,1000,1e-08,1e-08,268435456,8,1,4,4,core solve excluding independent validation,1,,c150dcaa9a783c63fc422d89a40d6daa77f19dc218c7f59971913ab43d4ab4ec,fedora,Linux,3.5.3,11.0.26+4-LTS,com.github.fommil.netlib.F2jBLAS,local[4],3,1,False,Success,17.453869428,9,289,0,,0,independent-original-lp,1.9913408995737803e-10,5.2873253943886236e-17,3.378592235698014e-10,67.33646692667443,2.9971377032917734e-10,1.8398663099940025e-14,8.548615634213676e-15,3241741824,4210147328,driver process; combined with executors in local mode; includes validation,,primary-2500-10-20-well-47-1e-08-4--cg/records.jsonl,,a835a97318f37806a6c9a287093c9c9e1d497e6436b478e51e243f65e733dd22,4
rerun-20260914-sparsity-and-conditioning,cfg-e57599231c883a6e,env-e6211d7d84b6,primary-2500-10-20-well-47-1e-08-4,2500,25000,50000,well,47,,20,,,3579827ed89a84d50a028480fe5605f06b147c4abbf84ce847a79fac1c1147f1,cfg-7bf483fe07fa8b1f,com.github.vbmacher.spark_lp.CGBenchmark,CG,cg,,,1e-08,100,,1e-10,1000,1e-08,1e-08,268435456,8,1,4,4,core solve excluding independent validation,1,,c150dcaa9a783c63fc422d89a40d6daa77f19dc218c7f59971913ab43d4ab4ec,fedora,Linux,3.5.3,11.0.26+4-LTS,com.github.fommil.netlib.F2jBLAS,local[4],4,1,False,Success,17.026926962,9,289,0,,0,independent-original-lp,1.9913408995737803e-10,5.2873253943886236e-17,3.378592235698014e-10,67.33646692667443,2.9971377032917734e-10,1.8398663099940025e-14,8.548615634213676e-15,3245177056,4229169152,driver process; combined with executors in local mode; includes validation,,primary-2500-10-20-well-47-1e-08-4--cg/records.jsonl,,a835a97318f37806a6c9a287093c9c9e1d497e6436b478e51e243f65e733dd22,5
rerun-20260914-sparsity-and-conditioning,cfg-e57599231c883a6e,env-e6211d7d84b6,primary-2500-10-20-well-47-1e-08-4,2500,25000,50000,well,47,,20,,,3579827ed89a84d50a028480fe5605f06b147c4abbf84ce847a79fac1c1147f1,cfg-7bf483fe07fa8b1f,com.github.vbmacher.spark_lp.CGBenchmark,CG,cg,,,1e-08,100,,1e-10,1000,1e-08,1e-08,268435456,8,1,4,4,core solve excluding independent validation,1,,c150dcaa9a783c63fc422d89a40d6daa77f19dc218c7f59971913ab43d4ab4ec,fedora,Linux,3.5.3,11.0.26+4-LTS,com.github.fommil.netlib.F2jBLAS,local[4],5,1,False,Success,16.980547022,9,289,0,,0,independent-original-lp,1.9913408995737803e-10,5.2873253943886236e-17,3.378592235698014e-10,67.33646692667443,2.9971377032917734e-10,1.8398663099940025e-14,8.548615634213676e-15,3132361728,4305207296,driver process; combined with executors in local mode; includes validation,,primary-2500-10-20-well-47-1e-08-4--cg/records.jsonl,,a835a97318f37806a6c9a287093c9c9e1d497e6436b478e51e243f65e733dd22,6
rerun-20260914-sparsity-and-conditioning,cfg-ccf9b49ed878ed68,env-e6211d7d84b6,primary-2500-10-20-well-47-1e-08-4,2500,25000,50000,well,47,,20,,,3579827ed89a84d50a028480fe5605f06b147c4abbf84ce847a79fac1c1147f1,cfg-e9c4ad26e57bc1e8,com.github.vbmacher.spark_lp.CholeskyBenchmark,Cholesky,cholesky,,,1e-08,100,,1e-10,1000,0.0,0.0,268435456,8,1,4,4,core solve excluding independent validation,1,,c150dcaa9a783c63fc422d89a40d6daa77f19dc218c7f59971913ab43d4ab4ec,fedora,Linux,3.5.3,11.0.26+4-LTS,com.github.fommil.netlib.F2jBLAS,local[4],0,1,True,Success,29.974959924,9,0,0,,0,independent-original-lp,1.1382550838309157e-14,5.0637385271699526e-17,9.573732675484887e-11,67.3364669101286,5.7590833752503814e-11,1.8398661479153562e-14,8.548598552113625e-15,2422211776,3815129088,driver process; combined with executors in local mode; includes validation,,primary-2500-10-20-well-47-1e-08-4--cholesky/records.jsonl,,6102f412d9835711cfd1778b1d22fd37ef2bce54ab89900eefb35e29b3c08f7a,1
rerun-20260914-sparsity-and-conditioning,cfg-ccf9b49ed878ed68,env-e6211d7d84b6,primary-2500-10-20-well-47-1e-08-4,2500,25000,50000,well,47,,20,,,3579827ed89a84d50a028480fe5605f06b147c4abbf84ce847a79fac1c1147f1,cfg-e9c4ad26e57bc1e8,com.github.vbmacher.spark_lp.CholeskyBenchmark,Cholesky,cholesky,,,1e-08,100,,1e-10,1000,0.0,0.0,268435456,8,1,4,4,core solve excluding independent validation,1,,c150dcaa9a783c63fc422d89a40d6daa77f19dc218c7f59971913ab43d4ab4ec,fedora,Linux,3.5.3,11.0.26+4-LTS,com.github.fommil.netlib.F2jBLAS,local[4],1,1,False,Success,28.749484971,9,0,0,,0,independent-original-lp,1.1382550838309157e-14,5.0637385271699526e-17,9.573732675484887e-11,67.3364669101286,5.7590833752503814e-11,1.8398661479153562e-14,8.548598552113625e-15,2505957456,4017356800,driver process; combined with executors in local mode; includes validation,,primary-2500-10-20-well-47-1e-08-4--cholesky/records.jsonl,,6102f412d9835711cfd1778b1d22fd37ef2bce54ab89900eefb35e29b3c08f7a,2
rerun-20260914-sparsity-and-conditioning,cfg-ccf9b49ed878ed68,env-e6211d7d84b6,primary-2500-10-20-well-47-1e-08-4,2500,25000,50000,well,47,,20,,,3579827ed89a84d50a028480fe5605f06b147c4abbf84ce847a79fac1c1147f1,cfg-e9c4ad26e57bc1e8,com.github.vbmacher.spark_lp.CholeskyBenchmark,Cholesky,cholesky,,,1e-08,100,,1e-10,1000,0.0,0.0,268435456,8,1,4,4,core solve excluding independent validation,1,,c150dcaa9a783c63fc422d89a40d6daa77f19dc218c7f59971913ab43d4ab4ec,fedora,Linux,3.5.3,11.0.26+4-LTS,com.github.fommil.netlib.F2jBLAS,local[4],2,1,False,Success,28.596321956,9,0,0,,0,independent-original-lp,1.1382550838309157e-14,5.0637385271699526e-17,9.573732675484887e-11,67.3364669101286,5.7590833752503814e-11,1.8398661479153562e-14,8.548598552113625e-15,2480808968,4068687872,driver process; combined with executors in local mode; includes validation,,primary-2500-10-20-well-47-1e-08-4--cholesky/records.jsonl,,6102f412d9835711cfd1778b1d22fd37ef2bce54ab89900eefb35e29b3c08f7a,3
rerun-20260914-sparsity-and-conditioning,cfg-ccf9b49ed878ed68,env-e6211d7d84b6,primary-2500-10-20-well-47-1e-08-4,2500,25000,50000,well,47,,20,,,3579827ed89a84d50a028480fe5605f06b147c4abbf84ce847a79fac1c1147f1,cfg-e9c4ad26e57bc1e8,com.github.vbmacher.spark_lp.CholeskyBenchmark,Cholesky,cholesky,,,1e-08,100,,1e-10,1000,0.0,0.0,268435456,8,1,4,4,core solve excluding independent validation,1,,c150dcaa9a783c63fc422d89a40d6daa77f19dc218c7f59971913ab43d4ab4ec,fedora,Linux,3.5.3,11.0.26+4-LTS,com.github.fommil.netlib.F2jBLAS,local[4],3,1,False,Success,28.096018375,9,0,0,,0,independent-original-lp,1.1382550838309157e-14,5.0637385271699526e-17,9.573732675484887e-11,67.3364669101286,5.7590833752503814e-11,1.8398661479153562e-14,8.548598552113625e-15,2518266368,4120772608,driver process; combined with executors in local mode; includes validation,,primary-2500-10-20-well-47-1e-08-4--cholesky/records.jsonl,,6102f412d9835711cfd1778b1d22fd37ef2bce54ab89900eefb35e29b3c08f7a,4
rerun-20260914-sparsity-and-conditioning,cfg-ccf9b49ed878ed68,env-e6211d7d84b6,primary-2500-10-20-well-47-1e-08-4,2500,25000,50000,well,47,,20,,,3579827ed89a84d50a028480fe5605f06b147c4abbf84ce847a79fac1c1147f1,cfg-e9c4ad26e57bc1e8,com.github.vbmacher.spark_lp.CholeskyBenchmark,Cholesky,cholesky,,,1e-08,100,,1e-10,1000,0.0,0.0,268435456,8,1,4,4,core solve excluding independent validation,1,,c150dcaa9a783c63fc422d89a40d6daa77f19dc218c7f59971913ab43d4ab4ec,fedora,Linux,3.5.3,11.0.26+4-LTS,com.github.fommil.netlib.F2jBLAS,local[4],4,1,False,Success,28.228165909,9,0,0,,0,independent-original-lp,1.1382550838309157e-14,5.0637385271699526e-17,9.573732675484887e-11,67.3364669101286,5.7590833752503814e-11,1.8398661479153562e-14,8.548598552113625e-15,2634547672,4144136192,driver process; combined with executors in local mode; includes validation,,primary-2500-10-20-well-47-1e-08-4--cholesky/records.jsonl,,6102f412d9835711cfd1778b1d22fd37ef2bce54ab89900eefb35e29b3c08f7a,5
rerun-20260914-sparsity-and-conditioning,cfg-ccf9b49ed878ed68,env-e6211d7d84b6,primary-2500-10-20-well-47-1e-08-4,2500,25000,50000,well,47,,20,,,3579827ed89a84d50a028480fe5605f06b147c4abbf84ce847a79fac1c1147f1,cfg-e9c4ad26e57bc1e8,com.github.vbmacher.spark_lp.CholeskyBenchmark,Cholesky,cholesky,,,1e-08,100,,1e-10,1000,0.0,0.0,268435456,8,1,4,4,core solve excluding independent validation,1,,c150dcaa9a783c63fc422d89a40d6daa77f19dc218c7f59971913ab43d4ab4ec,fedora,Linux,3.5.3,11.0.26+4-LTS,com.github.fommil.netlib.F2jBLAS,local[4],5,1,False,Success,28.486888575000002,9,0,0,,0,independent-original-lp,1.1382550838309157e-14,5.0637385271699526e-17,9.573732675484887e-11,67.3364669101286,5.7590833752503814e-11,1.8398661479153562e-14,8.548598552113625e-15,2526927560,4179623936,driver process; combined with executors in local mode; includes validation,,primary-2500-10-20-well-47-1e-08-4--cholesky/records.jsonl,,6102f412d9835711cfd1778b1d22fd37ef2bce54ab89900eefb35e29b3c08f7a,6
rerun-20260914-sparsity-and-conditioning,cfg-e57599231c883a6e,env-e6211d7d84b6,primary-4000-10-20-well-11-1e-08-4,4000,40000,80000,well,11,,20,,,261a1f05bdc9fff6581db6a20dae47a2e43ae432fcf99fe581d728cabf3c7be7,cfg-7bf483fe07fa8b1f,com.github.vbmacher.spark_lp.CGBenchmark,CG,cg,,,1e-08,100,,1e-10,1000,1e-08,1e-08,268435456,8,1,4,4,core solve excluding independent validation,1,,c150dcaa9a783c63fc422d89a40d6daa77f19dc218c7f59971913ab43d4ab4ec,fedora,Linux,3.5.3,11.0.26+4-LTS,com.github.fommil.netlib.F2jBLAS,local[4],0,1,True,Success,25.239374322,9,297,0,,0,independent-original-lp,6.031116739250167e-10,5.987511515565835e-17,7.533845726199239e-10,49.316094985071885,5.885299593253399e-10,3.906756295027588e-14,2.1836214744452086e-14,2365513216,3318284288,driver process; combined with executors in local mode; includes validation,,primary-4000-10-20-well-11-1e-08-4--cg/records.jsonl,,24549a3fd30262b194040d80089e13adfffb19307f01c194acfcab3379b994d6,1
rerun-20260914-sparsity-and-conditioning,cfg-e57599231c883a6e,env-e6211d7d84b6,primary-4000-10-20-well-11-1e-08-4,4000,40000,80000,well,11,,20,,,261a1f05bdc9fff6581db6a20dae47a2e43ae432fcf99fe581d728cabf3c7be7,cfg-7bf483fe07fa8b1f,com.github.vbmacher.spark_lp.CGBenchmark,CG,cg,,,1e-08,100,,1e-10,1000,1e-08,1e-08,268435456,8,1,4,4,core solve excluding independent validation,1,,c150dcaa9a783c63fc422d89a40d6daa77f19dc218c7f59971913ab43d4ab4ec,fedora,Linux,3.5.3,11.0.26+4-LTS,com.github.fommil.netlib.F2jBLAS,local[4],1,1,False,Success,18.199311401000003,9,297,0,,0,independent-original-lp,6.031116739250167e-10,5.987511515565835e-17,7.533845726199239e-10,49.316094985071885,5.885299593253399e-10,3.906756295027588e-14,2.1836214744452086e-14,2933336064,3746660352,driver process; combined with executors in local mode; includes validation,,primary-4000-10-20-well-11-1e-08-4--cg/records.jsonl,,24549a3fd30262b194040d80089e13adfffb19307f01c194acfcab3379b994d6,2
rerun-20260914-sparsity-and-conditioning,cfg-e57599231c883a6e,env-e6211d7d84b6,primary-4000-10-20-well-11-1e-08-4,4000,40000,80000,well,11,,20,,,261a1f05bdc9fff6581db6a20dae47a2e43ae432fcf99fe581d728cabf3c7be7,cfg-7bf483fe07fa8b1f,com.github.vbmacher.spark_lp.CGBenchmark,CG,cg,,,1e-08,100,,1e-10,1000,1e-08,1e-08,268435456,8,1,4,4,core solve excluding independent validation,1,,c150dcaa9a783c63fc422d89a40d6daa77f19dc218c7f59971913ab43d4ab4ec,fedora,Linux,3.5.3,11.0.26+4-LTS,com.github.fommil.netlib.F2jBLAS,local[4],2,1,False,Success,23.436342794,9,297,0,,0,independent-original-lp,6.031116739250167e-10,5.987511515565835e-17,7.533845726199239e-10,49.316094985071885,5.885299593253399e-10,3.906756295027588e-14,2.1836214744452086e-14,3398280368,4293804032,driver process; combined with executors in local mode; includes validation,,primary-4000-10-20-well-11-1e-08-4--cg/records.jsonl,,24549a3fd30262b194040d80089e13adfffb19307f01c194acfcab3379b994d6,3
rerun-20260914-sparsity-and-conditioning,cfg-e57599231c883a6e,env-e6211d7d84b6,primary-4000-10-20-well-11-1e-08-4,4000,40000,80000,well,11,,20,,,261a1f05bdc9fff6581db6a20dae47a2e43ae432fcf99fe581d728cabf3c7be7,cfg-7bf483fe07fa8b1f,com.github.vbmacher.spark_lp.CGBenchmark,CG,cg,,,1e-08,100,,1e-10,1000,1e-08,1e-08,268435456,8,1,4,4,core solve excluding independent validation,1,,c150dcaa9a783c63fc422d89a40d6daa77f19dc218c7f59971913ab43d4ab4ec,fedora,Linux,3.5.3,11.0.26+4-LTS,com.github.fommil.netlib.F2jBLAS,local[4],3,1,False,Success,16.708643638,9,297,0,,0,independent-original-lp,6.031116739250167e-10,5.987511515565835e-17,7.533845726199239e-10,49.316094985071885,5.885299593253399e-10,3.906756295027588e-14,2.1836214744452086e-14,3105521760,4334305280,driver process; combined with executors in local mode; includes validation,,primary-4000-10-20-well-11-1e-08-4--cg/records.jsonl,,24549a3fd30262b194040d80089e13adfffb19307f01c194acfcab3379b994d6,4
rerun-20260914-sparsity-and-conditioning,cfg-e57599231c883a6e,env-e6211d7d84b6,primary-4000-10-20-well-11-1e-08-4,4000,40000,80000,well,11,,20,,,261a1f05bdc9fff6581db6a20dae47a2e43ae432fcf99fe581d728cabf3c7be7,cfg-7bf483fe07fa8b1f,com.github.vbmacher.spark_lp.CGBenchmark,CG,cg,,,1e-08,100,,1e-10,1000,1e-08,1e-08,268435456,8,1,4,4,core solve excluding independent validation,1,,c150dcaa9a783c63fc422d89a40d6daa77f19dc218c7f59971913ab43d4ab4ec,fedora,Linux,3.5.3,11.0.26+4-LTS,com.github.fommil.netlib.F2jBLAS,local[4],4,1,False,Success,14.169777153,9,297,0,,0,independent-original-lp,6.031116739250167e-10,5.987511515565835e-17,7.533845726199239e-10,49.316094985071885,5.885299593253399e-10,3.906756295027588e-14,2.1836214744452086e-14,3133791744,4352114688,driver process; combined with executors in local mode; includes validation,,primary-4000-10-20-well-11-1e-08-4--cg/records.jsonl,,24549a3fd30262b194040d80089e13adfffb19307f01c194acfcab3379b994d6,5
rerun-20260914-sparsity-and-conditioning,cfg-e57599231c883a6e,env-e6211d7d84b6,primary-4000-10-20-well-11-1e-08-4,4000,40000,80000,well,11,,20,,,261a1f05bdc9fff6581db6a20dae47a2e43ae432fcf99fe581d728cabf3c7be7,cfg-7bf483fe07fa8b1f,com.github.vbmacher.spark_lp.CGBenchmark,CG,cg,,,1e-08,100,,1e-10,1000,1e-08,1e-08,268435456,8,1,4,4,core solve excluding independent validation,1,,c150dcaa9a783c63fc422d89a40d6daa77f19dc218c7f59971913ab43d4ab4ec,fedora,Linux,3.5.3,11.0.26+4-LTS,com.github.fommil.netlib.F2jBLAS,local[4],5,1,False,Success,19.892932396,9,297,0,,0,independent-original-lp,6.031116739250167e-10,5.987511515565835e-17,7.533845726199239e-10,49.316094985071885,5.885299593253399e-10,3.906756295027588e-14,2.1836214744452086e-14,3010879368,4372611072,driver process; combined with executors in local mode; includes validation,,primary-4000-10-20-well-11-1e-08-4--cg/records.jsonl,,24549a3fd30262b194040d80089e13adfffb19307f01c194acfcab3379b994d6,6
rerun-20260914-sparsity-and-conditioning,cfg-ccf9b49ed878ed68,env-e6211d7d84b6,primary-4000-10-20-well-11-1e-08-4,4000,40000,80000,well,11,,20,,,261a1f05bdc9fff6581db6a20dae47a2e43ae432fcf99fe581d728cabf3c7be7,cfg-e9c4ad26e57bc1e8,com.github.vbmacher.spark_lp.CholeskyBenchmark,Cholesky,cholesky,,,1e-08,100,,1e-10,1000,0.0,0.0,268435456,8,1,4,4,core solve excluding independent validation,1,,c150dcaa9a783c63fc422d89a40d6daa77f19dc218c7f59971913ab43d4ab4ec,fedora,Linux,3.5.3,11.0.26+4-LTS,com.github.fommil.netlib.F2jBLAS,local[4],0,1,True,Success,103.429034392,9,0,0,,0,independent-original-lp,1.819763689686805e-16,5.1744835559922817e-17,4.266298630912603e-10,49.3160949686306,2.617700248661207e-10,3.9067555213510464e-14,2.1836057935188795e-14,2310171968,3465560064,driver process; combined with executors in local mode; includes validation,,primary-4000-10-20-well-11-1e-08-4--cholesky/records.jsonl,,24cd9bf2bf725ff252e7885fa881d8b9a0205795e2d05a41e73966ba4752557e,1
rerun-20260914-sparsity-and-conditioning,cfg-ccf9b49ed878ed68,env-e6211d7d84b6,primary-4000-10-20-well-11-1e-08-4,4000,40000,80000,well,11,,20,,,261a1f05bdc9fff6581db6a20dae47a2e43ae432fcf99fe581d728cabf3c7be7,cfg-e9c4ad26e57bc1e8,com.github.vbmacher.spark_lp.CholeskyBenchmark,Cholesky,cholesky,,,1e-08,100,,1e-10,1000,0.0,0.0,268435456,8,1,4,4,core solve excluding independent validation,1,,c150dcaa9a783c63fc422d89a40d6daa77f19dc218c7f59971913ab43d4ab4ec,fedora,Linux,3.5.3,11.0.26+4-LTS,com.github.fommil.netlib.F2jBLAS,local[4],1,1,False,Success,102.222760242,9,0,0,,0,independent-original-lp,1.819763689686805e-16,5.1744835559922817e-17,4.266298630912603e-10,49.3160949686306,2.617700248661207e-10,3.9067555213510464e-14,2.1836057935188795e-14,2265660144,3605217280,driver process; combined with executors in local mode; includes validation,,primary-4000-10-20-well-11-1e-08-4--cholesky/records.jsonl,,24cd9bf2bf725ff252e7885fa881d8b9a0205795e2d05a41e73966ba4752557e,2
rerun-20260914-sparsity-and-conditioning,cfg-ccf9b49ed878ed68,env-e6211d7d84b6,primary-4000-10-20-well-11-1e-08-4,4000,40000,80000,well,11,,20,,,261a1f05bdc9fff6581db6a20dae47a2e43ae432fcf99fe581d728cabf3c7be7,cfg-e9c4ad26e57bc1e8,com.github.vbmacher.spark_lp.CholeskyBenchmark,Cholesky,cholesky,,,1e-08,100,,1e-10,1000,0.0,0.0,268435456,8,1,4,4,core solve excluding independent validation,1,,c150dcaa9a783c63fc422d89a40d6daa77f19dc218c7f59971913ab43d4ab4ec,fedora,Linux,3.5.3,11.0.26+4-LTS,com.github.fommil.netlib.F2jBLAS,local[4],2,1,False,Success,101.041787677,9,0,0,,0,independent-original-lp,1.819763689686805e-16,5.1744835559922817e-17,4.266298630912603e-10,49.3160949686306,2.617700248661207e-10,3.9067555213510464e-14,2.1836057935188795e-14,2207426240,3894804480,driver process; combined with executors in local mode; includes validation,,primary-4000-10-20-well-11-1e-08-4--cholesky/records.jsonl,,24cd9bf2bf725ff252e7885fa881d8b9a0205795e2d05a41e73966ba4752557e,3
rerun-20260914-sparsity-and-conditioning,cfg-ccf9b49ed878ed68,env-e6211d7d84b6,primary-4000-10-20-well-11-1e-08-4,4000,40000,80000,well,11,,20,,,261a1f05bdc9fff6581db6a20dae47a2e43ae432fcf99fe581d728cabf3c7be7,cfg-e9c4ad26e57bc1e8,com.github.vbmacher.spark_lp.CholeskyBenchmark,Cholesky,cholesky,,,1e-08,100,,1e-10,1000,0.0,0.0,268435456,8,1,4,4,core solve excluding independent validation,1,,c150dcaa9a783c63fc422d89a40d6daa77f19dc218c7f59971913ab43d4ab4ec,fedora,Linux,3.5.3,11.0.26+4-LTS,com.github.fommil.netlib.F2jBLAS,local[4],3,1,False,Success,100.796758911,9,0,0,,0,independent-original-lp,1.819763689686805e-16,5.1744835559922817e-17,4.266298630912603e-10,49.3160949686306,2.617700248661207e-10,3.9067555213510464e-14,2.1836057935188795e-14,2352069840,3917053952,driver process; combined with executors in local mode; includes validation,,primary-4000-10-20-well-11-1e-08-4--cholesky/records.jsonl,,24cd9bf2bf725ff252e7885fa881d8b9a0205795e2d05a41e73966ba4752557e,4
rerun-20260914-sparsity-and-conditioning,cfg-ccf9b49ed878ed68,env-e6211d7d84b6,primary-4000-10-20-well-11-1e-08-4,4000,40000,80000,well,11,,20,,,261a1f05bdc9fff6581db6a20dae47a2e43ae432fcf99fe581d728cabf3c7be7,cfg-e9c4ad26e57bc1e8,com.github.vbmacher.spark_lp.CholeskyBenchmark,Cholesky,cholesky,,,1e-08,100,,1e-10,1000,0.0,0.0,268435456,8,1,4,4,core solve excluding independent validation,1,,c150dcaa9a783c63fc422d89a40d6daa77f19dc218c7f59971913ab43d4ab4ec,fedora,Linux,3.5.3,11.0.26+4-LTS,com.github.fommil.netlib.F2jBLAS,local[4],4,1,False,Success,103.132154992,9,0,0,,0,independent-original-lp,1.819763689686805e-16,5.1744835559922817e-17,4.266298630912603e-10,49.3160949686306,2.617700248661207e-10,3.9067555213510464e-14,2.1836057935188795e-14,2327279744,3934633984,driver process; combined with executors in local mode; includes validation,,primary-4000-10-20-well-11-1e-08-4--cholesky/records.jsonl,,24cd9bf2bf725ff252e7885fa881d8b9a0205795e2d05a41e73966ba4752557e,5
rerun-20260914-sparsity-and-conditioning,cfg-ccf9b49ed878ed68,env-e6211d7d84b6,primary-4000-10-20-well-11-1e-08-4,4000,40000,80000,well,11,,20,,,261a1f05bdc9fff6581db6a20dae47a2e43ae432fcf99fe581d728cabf3c7be7,cfg-e9c4ad26e57bc1e8,com.github.vbmacher.spark_lp.CholeskyBenchmark,Cholesky,cholesky,,,1e-08,100,,1e-10,1000,0.0,0.0,268435456,8,1,4,4,core solve excluding independent validation,1,,c150dcaa9a783c63fc422d89a40d6daa77f19dc218c7f59971913ab43d4ab4ec,fedora,Linux,3.5.3,11.0.26+4-LTS,com.github.fommil.netlib.F2jBLAS,local[4],5,1,False,Success,102.562399022,9,0,0,,0,independent-original-lp,1.819763689686805e-16,5.1744835559922817e-17,4.266298630912603e-10,49.3160949686306,2.617700248661207e-10,3.9067555213510464e-14,2.1836057935188795e-14,2464756320,4027269120,driver process; combined with executors in local mode; includes validation,,primary-4000-10-20-well-11-1e-08-4--cholesky/records.jsonl,,24cd9bf2bf725ff252e7885fa881d8b9a0205795e2d05a41e73966ba4752557e,6
rerun-20260914-sparsity-and-conditioning,cfg-e57599231c883a6e,env-e6211d7d84b6,primary-4000-10-20-well-29-1e-08-4,4000,40000,80000,well,29,,20,,,b067ba2698b1c3135ba3a42843a778323358dbd538fcf41ea7caf12af17800fe,cfg-7bf483fe07fa8b1f,com.github.vbmacher.spark_lp.CGBenchmark,CG,cg,,,1e-08,100,,1e-10,1000,1e-08,1e-08,268435456,8,1,4,4,core solve excluding independent validation,1,,c150dcaa9a783c63fc422d89a40d6daa77f19dc218c7f59971913ab43d4ab4ec,fedora,Linux,3.5.3,11.0.26+4-LTS,com.github.fommil.netlib.F2jBLAS,local[4],0,1,True,Success,22.75262082,9,292,0,,0,independent-original-lp,1.7827704908964273e-10,5.345072459572264e-17,1.89347095919443e-10,-39.6243044499863,8.222147779470834e-11,1.3569960639240317e-14,1.0855303618606659e-14,2258883344,3427827712,driver process; combined with executors in local mode; includes validation,,primary-4000-10-20-well-29-1e-08-4--cg/records.jsonl,,e7077fbe65808ce3501714049517e8f1026bd286225e7faf30e13f7b37b8346f,1
rerun-20260914-sparsity-and-conditioning,cfg-e57599231c883a6e,env-e6211d7d84b6,primary-4000-10-20-well-29-1e-08-4,4000,40000,80000,well,29,,20,,,b067ba2698b1c3135ba3a42843a778323358dbd538fcf41ea7caf12af17800fe,cfg-7bf483fe07fa8b1f,com.github.vbmacher.spark_lp.CGBenchmark,CG,cg,,,1e-08,100,,1e-10,1000,1e-08,1e-08,268435456,8,1,4,4,core solve excluding independent validation,1,,c150dcaa9a783c63fc422d89a40d6daa77f19dc218c7f59971913ab43d4ab4ec,fedora,Linux,3.5.3,11.0.26+4-LTS,com.github.fommil.netlib.F2jBLAS,local[4],1,1,False,Success,19.584904568000002,9,292,0,,0,independent-original-lp,1.7827704908964273e-10,5.345072459572264e-17,1.89347095919443e-10,-39.6243044499863,8.222147779470834e-11,1.3569960639240317e-14,1.0855303618606659e-14,2964485024,4056072192,driver process; combined with executors in local mode; includes validation,,primary-4000-10-20-well-29-1e-08-4--cg/records.jsonl,,e7077fbe65808ce3501714049517e8f1026bd286225e7faf30e13f7b37b8346f,2
rerun-20260914-sparsity-and-conditioning,cfg-e57599231c883a6e,env-e6211d7d84b6,primary-4000-10-20-well-29-1e-08-4,4000,40000,80000,well,29,,20,,,b067ba2698b1c3135ba3a42843a778323358dbd538fcf41ea7caf12af17800fe,cfg-7bf483fe07fa8b1f,com.github.vbmacher.spark_lp.CGBenchmark,CG,cg,,,1e-08,100,,1e-10,1000,1e-08,1e-08,268435456,8,1,4,4,core solve excluding independent validation,1,,c150dcaa9a783c63fc422d89a40d6daa77f19dc218c7f59971913ab43d4ab4ec,fedora,Linux,3.5.3,11.0.26+4-LTS,com.github.fommil.netlib.F2jBLAS,local[4],2,1,False,Success,21.386162712,9,292,0,,0,independent-original-lp,1.7827704908964273e-10,5.345072459572264e-17,1.89347095919443e-10,-39.6243044499863,8.222147779470834e-11,1.3569960639240317e-14,1.0855303618606659e-14,3037820416,4159799296,driver process; combined with executors in local mode; includes validation,,primary-4000-10-20-well-29-1e-08-4--cg/records.jsonl,,e7077fbe65808ce3501714049517e8f1026bd286225e7faf30e13f7b37b8346f,3
rerun-20260914-sparsity-and-conditioning,cfg-e57599231c883a6e,env-e6211d7d84b6,primary-4000-10-20-well-29-1e-08-4,4000,40000,80000,well,29,,20,,,b067ba2698b1c3135ba3a42843a778323358dbd538fcf41ea7caf12af17800fe,cfg-7bf483fe07fa8b1f,com.github.vbmacher.spark_lp.CGBenchmark,CG,cg,,,1e-08,100,,1e-10,1000,1e-08,1e-08,268435456,8,1,4,4,core solve excluding independent validation,1,,c150dcaa9a783c63fc422d89a40d6daa77f19dc218c7f59971913ab43d4ab4ec,fedora,Linux,3.5.3,11.0.26+4-LTS,com.github.fommil.netlib.F2jBLAS,local[4],3,1,False,Success,22.921289040999998,9,292,0,,0,independent-original-lp,1.7827704908964273e-10,5.345072459572264e-17,1.89347095919443e-10,-39.6243044499863,8.222147779470834e-11,1.3569960639240317e-14,1.0855303618606659e-14,3069489984,4170399744,driver process; combined with executors in local mode; includes validation,,primary-4000-10-20-well-29-1e-08-4--cg/records.jsonl,,e7077fbe65808ce3501714049517e8f1026bd286225e7faf30e13f7b37b8346f,4
rerun-20260914-sparsity-and-conditioning,cfg-e57599231c883a6e,env-e6211d7d84b6,primary-4000-10-20-well-29-1e-08-4,4000,40000,80000,well,29,,20,,,b067ba2698b1c3135ba3a42843a778323358dbd538fcf41ea7caf12af17800fe,cfg-7bf483fe07fa8b1f,com.github.vbmacher.spark_lp.CGBenchmark,CG,cg,,,1e-08,100,,1e-10,1000,1e-08,1e-08,268435456,8,1,4,4,core solve excluding independent validation,1,,c150dcaa9a783c63fc422d89a40d6daa77f19dc218c7f59971913ab43d4ab4ec,fedora,Linux,3.5.3,11.0.26+4-LTS,com.github.fommil.netlib.F2jBLAS,local[4],4,1,False,Success,20.95734483,9,292,0,,0,independent-original-lp,1.7827704908964273e-10,5.345072459572264e-17,1.89347095919443e-10,-39.6243044499863,8.222147779470834e-11,1.3569960639240317e-14,1.0855303618606659e-14,3055155728,4186980352,driver process; combined with executors in local mode; includes validation,,primary-4000-10-20-well-29-1e-08-4--cg/records.jsonl,,e7077fbe65808ce3501714049517e8f1026bd286225e7faf30e13f7b37b8346f,5
rerun-20260914-sparsity-and-conditioning,cfg-e57599231c883a6e,env-e6211d7d84b6,primary-4000-10-20-well-29-1e-08-4,4000,40000,80000,well,29,,20,,,b067ba2698b1c3135ba3a42843a778323358dbd538fcf41ea7caf12af17800fe,cfg-7bf483fe07fa8b1f,com.github.vbmacher.spark_lp.CGBenchmark,CG,cg,,,1e-08,100,,1e-10,1000,1e-08,1e-08,268435456,8,1,4,4,core solve excluding independent validation,1,,c150dcaa9a783c63fc422d89a40d6daa77f19dc218c7f59971913ab43d4ab4ec,fedora,Linux,3.5.3,11.0.26+4-LTS,com.github.fommil.netlib.F2jBLAS,local[4],5,1,False,Success,18.004294833,9,292,0,,0,independent-original-lp,1.7827704908964273e-10,5.345072459572264e-17,1.89347095919443e-10,-39.6243044499863,8.222147779470834e-11,1.3569960639240317e-14,1.0855303618606659e-14,3259516992,4242292736,driver process; combined with executors in local mode; includes validation,,primary-4000-10-20-well-29-1e-08-4--cg/records.jsonl,,e7077fbe65808ce3501714049517e8f1026bd286225e7faf30e13f7b37b8346f,6
rerun-20260914-sparsity-and-conditioning,cfg-ccf9b49ed878ed68,env-e6211d7d84b6,primary-4000-10-20-well-29-1e-08-4,4000,40000,80000,well,29,,20,,,b067ba2698b1c3135ba3a42843a778323358dbd538fcf41ea7caf12af17800fe,cfg-e9c4ad26e57bc1e8,com.github.vbmacher.spark_lp.CholeskyBenchmark,Cholesky,cholesky,,,1e-08,100,,1e-10,1000,0.0,0.0,268435456,8,1,4,4,core solve excluding independent validation,1,,c150dcaa9a783c63fc422d89a40d6daa77f19dc218c7f59971913ab43d4ab4ec,fedora,Linux,3.5.3,11.0.26+4-LTS,com.github.fommil.netlib.F2jBLAS,local[4],0,1,True,Success,104.191900191,9,0,0,,0,independent-original-lp,1.821067580310554e-16,5.2166146332168574e-17,2.3729000602486854e-10,-39.62430444803875,1.3016193922376446e-10,1.3569955459921585e-14,1.0855273774805699e-14,2349720768,3499442176,driver process; combined with executors in local mode; includes validation,,primary-4000-10-20-well-29-1e-08-4--cholesky/records.jsonl,,d6702fea13135c0f4779579708ecaf6cae4a2684802c5512ee8a920a9d2b868e,1
rerun-20260914-sparsity-and-conditioning,cfg-ccf9b49ed878ed68,env-e6211d7d84b6,primary-4000-10-20-well-29-1e-08-4,4000,40000,80000,well,29,,20,,,b067ba2698b1c3135ba3a42843a778323358dbd538fcf41ea7caf12af17800fe,cfg-e9c4ad26e57bc1e8,com.github.vbmacher.spark_lp.CholeskyBenchmark,Cholesky,cholesky,,,1e-08,100,,1e-10,1000,0.0,0.0,268435456,8,1,4,4,core solve excluding independent validation,1,,c150dcaa9a783c63fc422d89a40d6daa77f19dc218c7f59971913ab43d4ab4ec,fedora,Linux,3.5.3,11.0.26+4-LTS,com.github.fommil.netlib.F2jBLAS,local[4],1,1,False,Success,102.514733366,9,0,0,,0,independent-original-lp,1.821067580310554e-16,5.2166146332168574e-17,2.3729000602486854e-10,-39.62430444803875,1.3016193922376446e-10,1.3569955459921585e-14,1.0855273774805699e-14,2141494536,3612819456,driver process; combined with executors in local mode; includes validation,,primary-4000-10-20-well-29-1e-08-4--cholesky/records.jsonl,,d6702fea13135c0f4779579708ecaf6cae4a2684802c5512ee8a920a9d2b868e,2
rerun-20260914-sparsity-and-conditioning,cfg-ccf9b49ed878ed68,env-e6211d7d84b6,primary-4000-10-20-well-29-1e-08-4,4000,40000,80000,well,29,,20,,,b067ba2698b1c3135ba3a42843a778323358dbd538fcf41ea7caf12af17800fe,cfg-e9c4ad26e57bc1e8,com.github.vbmacher.spark_lp.CholeskyBenchmark,Cholesky,cholesky,,,1e-08,100,,1e-10,1000,0.0,0.0,268435456,8,1,4,4,core solve excluding independent validation,1,,c150dcaa9a783c63fc422d89a40d6daa77f19dc218c7f59971913ab43d4ab4ec,fedora,Linux,3.5.3,11.0.26+4-LTS,com.github.fommil.netlib.F2jBLAS,local[4],2,1,False,Success,102.513622443,9,0,0,,0,independent-original-lp,1.821067580310554e-16,5.2166146332168574e-17,2.3729000602486854e-10,-39.62430444803875,1.3016193922376446e-10,1.3569955459921585e-14,1.0855273774805699e-14,2228380888,3702128640,driver process; combined with executors in local mode; includes validation,,primary-4000-10-20-well-29-1e-08-4--cholesky/records.jsonl,,d6702fea13135c0f4779579708ecaf6cae4a2684802c5512ee8a920a9d2b868e,3
rerun-20260914-sparsity-and-conditioning,cfg-ccf9b49ed878ed68,env-e6211d7d84b6,primary-4000-10-20-well-29-1e-08-4,4000,40000,80000,well,29,,20,,,b067ba2698b1c3135ba3a42843a778323358dbd538fcf41ea7caf12af17800fe,cfg-e9c4ad26e57bc1e8,com.github.vbmacher.spark_lp.CholeskyBenchmark,Cholesky,cholesky,,,1e-08,100,,1e-10,1000,0.0,0.0,268435456,8,1,4,4,core solve excluding independent validation,1,,c150dcaa9a783c63fc422d89a40d6daa77f19dc218c7f59971913ab43d4ab4ec,fedora,Linux,3.5.3,11.0.26+4-LTS,com.github.fommil.netlib.F2jBLAS,local[4],3,1,False,Success,102.127889705,9,0,0,,0,independent-original-lp,1.821067580310554e-16,5.2166146332168574e-17,2.3729000602486854e-10,-39.62430444803875,1.3016193922376446e-10,1.3569955459921585e-14,1.0855273774805699e-14,2347524416,3790716928,driver process; combined with executors in local mode; includes validation,,primary-4000-10-20-well-29-1e-08-4--cholesky/records.jsonl,,d6702fea13135c0f4779579708ecaf6cae4a2684802c5512ee8a920a9d2b868e,4
rerun-20260914-sparsity-and-conditioning,cfg-ccf9b49ed878ed68,env-e6211d7d84b6,primary-4000-10-20-well-29-1e-08-4,4000,40000,80000,well,29,,20,,,b067ba2698b1c3135ba3a42843a778323358dbd538fcf41ea7caf12af17800fe,cfg-e9c4ad26e57bc1e8,com.github.vbmacher.spark_lp.CholeskyBenchmark,Cholesky,cholesky,,,1e-08,100,,1e-10,1000,0.0,0.0,268435456,8,1,4,4,core solve excluding independent validation,1,,c150dcaa9a783c63fc422d89a40d6daa77f19dc218c7f59971913ab43d4ab4ec,fedora,Linux,3.5.3,11.0.26+4-LTS,com.github.fommil.netlib.F2jBLAS,local[4],4,1,False,Success,101.831491395,9,0,0,,0,independent-original-lp,1.821067580310554e-16,5.2166146332168574e-17,2.3729000602486854e-10,-39.62430444803875,1.3016193922376446e-10,1.3569955459921585e-14,1.0855273774805699e-14,2230947632,3972038656,driver process; combined with executors in local mode; includes validation,,primary-4000-10-20-well-29-1e-08-4--cholesky/records.jsonl,,d6702fea13135c0f4779579708ecaf6cae4a2684802c5512ee8a920a9d2b868e,5
rerun-20260914-sparsity-and-conditioning,cfg-ccf9b49ed878ed68,env-e6211d7d84b6,primary-4000-10-20-well-29-1e-08-4,4000,40000,80000,well,29,,20,,,b067ba2698b1c3135ba3a42843a778323358dbd538fcf41ea7caf12af17800fe,cfg-e9c4ad26e57bc1e8,com.github.vbmacher.spark_lp.CholeskyBenchmark,Cholesky,cholesky,,,1e-08,100,,1e-10,1000,0.0,0.0,268435456,8,1,4,4,core solve excluding independent validation,1,,c150dcaa9a783c63fc422d89a40d6daa77f19dc218c7f59971913ab43d4ab4ec,fedora,Linux,3.5.3,11.0.26+4-LTS,com.github.fommil.netlib.F2jBLAS,local[4],5,1,False,Success,101.939057545,9,0,0,,0,independent-original-lp,1.821067580310554e-16,5.2166146332168574e-17,2.3729000602486854e-10,-39.62430444803875,1.3016193922376446e-10,1.3569955459921585e-14,1.0855273774805699e-14,2286932688,4076355584,driver process; combined with executors in local mode; includes validation,,primary-4000-10-20-well-29-1e-08-4--cholesky/records.jsonl,,d6702fea13135c0f4779579708ecaf6cae4a2684802c5512ee8a920a9d2b868e,6
rerun-20260914-sparsity-and-conditioning,cfg-e57599231c883a6e,env-e6211d7d84b6,primary-4000-10-20-well-47-1e-08-4,4000,40000,80000,well,47,,20,,,92faaf9f9fec416e3247eaa97847b3101d43783af00a0af10cc4a37c41f1f0b1,cfg-7bf483fe07fa8b1f,com.github.vbmacher.spark_lp.CGBenchmark,CG,cg,,,1e-08,100,,1e-10,1000,1e-08,1e-08,268435456,8,1,4,4,core solve excluding independent validation,1,,c150dcaa9a783c63fc422d89a40d6daa77f19dc218c7f59971913ab43d4ab4ec,fedora,Linux,3.5.3,11.0.26+4-LTS,com.github.fommil.netlib.F2jBLAS,local[4],0,1,True,Success,20.725118439,9,297,0,,0,independent-original-lp,6.739309379544903e-11,5.217063058376303e-17,7.533842767570478e-11,107.88790105835047,5.8090223311291816e-11,8.13388612730564e-15,2.3121269780080037e-15,3881135616,4584652800,driver process; combined with executors in local mode; includes validation,,primary-4000-10-20-well-47-1e-08-4--cg/records.jsonl,,1cba9e22795e2d98d2b292e1acf01b53081ba840135dabe138fc1ef3d989035d,1
rerun-20260914-sparsity-and-conditioning,cfg-e57599231c883a6e,env-e6211d7d84b6,primary-4000-10-20-well-47-1e-08-4,4000,40000,80000,well,47,,20,,,92faaf9f9fec416e3247eaa97847b3101d43783af00a0af10cc4a37c41f1f0b1,cfg-7bf483fe07fa8b1f,com.github.vbmacher.spark_lp.CGBenchmark,CG,cg,,,1e-08,100,,1e-10,1000,1e-08,1e-08,268435456,8,1,4,4,core solve excluding independent validation,1,,c150dcaa9a783c63fc422d89a40d6daa77f19dc218c7f59971913ab43d4ab4ec,fedora,Linux,3.5.3,11.0.26+4-LTS,com.github.fommil.netlib.F2jBLAS,local[4],1,1,False,Success,19.999394519,9,297,0,,0,independent-original-lp,6.739309379544903e-11,5.217063058376303e-17,7.533842767570478e-11,107.88790105835047,5.8090223311291816e-11,8.13388612730564e-15,2.3121269780080037e-15,3080103008,4775788544,driver process; combined with executors in local mode; includes validation,,primary-4000-10-20-well-47-1e-08-4--cg/records.jsonl,,1cba9e22795e2d98d2b292e1acf01b53081ba840135dabe138fc1ef3d989035d,2
rerun-20260914-sparsity-and-conditioning,cfg-e57599231c883a6e,env-e6211d7d84b6,primary-4000-10-20-well-47-1e-08-4,4000,40000,80000,well,47,,20,,,92faaf9f9fec416e3247eaa97847b3101d43783af00a0af10cc4a37c41f1f0b1,cfg-7bf483fe07fa8b1f,com.github.vbmacher.spark_lp.CGBenchmark,CG,cg,,,1e-08,100,,1e-10,1000,1e-08,1e-08,268435456,8,1,4,4,core solve excluding independent validation,1,,c150dcaa9a783c63fc422d89a40d6daa77f19dc218c7f59971913ab43d4ab4ec,fedora,Linux,3.5.3,11.0.26+4-LTS,com.github.fommil.netlib.F2jBLAS,local[4],2,1,False,Success,11.751285470000001,9,297,0,,0,independent-original-lp,6.739309379544903e-11,5.217063058376303e-17,7.533842767570478e-11,107.88790105835047,5.8090223311291816e-11,8.13388612730564e-15,2.3121269780080037e-15,3208650024,4818026496,driver process; combined with executors in local mode; includes validation,,primary-4000-10-20-well-47-1e-08-4--cg/records.jsonl,,1cba9e22795e2d98d2b292e1acf01b53081ba840135dabe138fc1ef3d989035d,3
rerun-20260914-sparsity-and-conditioning,cfg-e57599231c883a6e,env-e6211d7d84b6,primary-4000-10-20-well-47-1e-08-4,4000,40000,80000,well,47,,20,,,92faaf9f9fec416e3247eaa97847b3101d43783af00a0af10cc4a37c41f1f0b1,cfg-7bf483fe07fa8b1f,com.github.vbmacher.spark_lp.CGBenchmark,CG,cg,,,1e-08,100,,1e-10,1000,1e-08,1e-08,268435456,8,1,4,4,core solve excluding independent validation,1,,c150dcaa9a783c63fc422d89a40d6daa77f19dc218c7f59971913ab43d4ab4ec,fedora,Linux,3.5.3,11.0.26+4-LTS,com.github.fommil.netlib.F2jBLAS,local[4],3,1,False,Success,11.940177518,9,297,0,,0,independent-original-lp,6.739309379544903e-11,5.217063058376303e-17,7.533842767570478e-11,107.88790105835047,5.8090223311291816e-11,8.13388612730564e-15,2.3121269780080037e-15,3226175792,4828037120,driver process; combined with executors in local mode; includes validation,,primary-4000-10-20-well-47-1e-08-4--cg/records.jsonl,,1cba9e22795e2d98d2b292e1acf01b53081ba840135dabe138fc1ef3d989035d,4
rerun-20260914-sparsity-and-conditioning,cfg-e57599231c883a6e,env-e6211d7d84b6,primary-4000-10-20-well-47-1e-08-4,4000,40000,80000,well,47,,20,,,92faaf9f9fec416e3247eaa97847b3101d43783af00a0af10cc4a37c41f1f0b1,cfg-7bf483fe07fa8b1f,com.github.vbmacher.spark_lp.CGBenchmark,CG,cg,,,1e-08,100,,1e-10,1000,1e-08,1e-08,268435456,8,1,4,4,core solve excluding independent validation,1,,c150dcaa9a783c63fc422d89a40d6daa77f19dc218c7f59971913ab43d4ab4ec,fedora,Linux,3.5.3,11.0.26+4-LTS,com.github.fommil.netlib.F2jBLAS,local[4],4,1,False,Success,21.345326554,9,297,0,,0,independent-original-lp,6.739309379544903e-11,5.217063058376303e-17,7.533842767570478e-11,107.88790105835047,5.8090223311291816e-11,8.13388612730564e-15,2.3121269780080037e-15,3272975872,4837670912,driver process; combined with executors in local mode; includes validation,,primary-4000-10-20-well-47-1e-08-4--cg/records.jsonl,,1cba9e22795e2d98d2b292e1acf01b53081ba840135dabe138fc1ef3d989035d,5
rerun-20260914-sparsity-and-conditioning,cfg-e57599231c883a6e,env-e6211d7d84b6,primary-4000-10-20-well-47-1e-08-4,4000,40000,80000,well,47,,20,,,92faaf9f9fec416e3247eaa97847b3101d43783af00a0af10cc4a37c41f1f0b1,cfg-7bf483fe07fa8b1f,com.github.vbmacher.spark_lp.CGBenchmark,CG,cg,,,1e-08,100,,1e-10,1000,1e-08,1e-08,268435456,8,1,4,4,core solve excluding independent validation,1,,c150dcaa9a783c63fc422d89a40d6daa77f19dc218c7f59971913ab43d4ab4ec,fedora,Linux,3.5.3,11.0.26+4-LTS,com.github.fommil.netlib.F2jBLAS,local[4],5,1,False,Success,17.817550542000003,9,297,0,,0,independent-original-lp,6.739309379544903e-11,5.217063058376303e-17,7.533842767570478e-11,107.88790105835047,5.8090223311291816e-11,8.13388612730564e-15,2.3121269780080037e-15,3151749120,4847681536,driver process; combined with executors in local mode; includes validation,,primary-4000-10-20-well-47-1e-08-4--cg/records.jsonl,,1cba9e22795e2d98d2b292e1acf01b53081ba840135dabe138fc1ef3d989035d,6
rerun-20260914-sparsity-and-conditioning,cfg-ccf9b49ed878ed68,env-e6211d7d84b6,primary-4000-10-20-well-47-1e-08-4,4000,40000,80000,well,47,,20,,,92faaf9f9fec416e3247eaa97847b3101d43783af00a0af10cc4a37c41f1f0b1,cfg-e9c4ad26e57bc1e8,com.github.vbmacher.spark_lp.CholeskyBenchmark,Cholesky,cholesky,,,1e-08,100,,1e-10,1000,0.0,0.0,268435456,8,1,4,4,core solve excluding independent validation,1,,c150dcaa9a783c63fc422d89a40d6daa77f19dc218c7f59971913ab43d4ab4ec,fedora,Linux,3.5.3,11.0.26+4-LTS,com.github.fommil.netlib.F2jBLAS,local[4],0,1,True,Success,103.457999912,9,0,0,,0,independent-original-lp,1.8035558399419435e-16,5.146274406229217e-17,4.8431119241195566e-11,107.88790105542054,3.118252335014649e-11,8.133895118754878e-15,2.312126824019053e-15,2228492480,3528769536,driver process; combined with executors in local mode; includes validation,,primary-4000-10-20-well-47-1e-08-4--cholesky/records.jsonl,,eced3a4cc7dd274341251671241563be7b9cb3deff68f50e5cb7c940a647a4ea,1
rerun-20260914-sparsity-and-conditioning,cfg-ccf9b49ed878ed68,env-e6211d7d84b6,primary-4000-10-20-well-47-1e-08-4,4000,40000,80000,well,47,,20,,,92faaf9f9fec416e3247eaa97847b3101d43783af00a0af10cc4a37c41f1f0b1,cfg-e9c4ad26e57bc1e8,com.github.vbmacher.spark_lp.CholeskyBenchmark,Cholesky,cholesky,,,1e-08,100,,1e-10,1000,0.0,0.0,268435456,8,1,4,4,core solve excluding independent validation,1,,c150dcaa9a783c63fc422d89a40d6daa77f19dc218c7f59971913ab43d4ab4ec,fedora,Linux,3.5.3,11.0.26+4-LTS,com.github.fommil.netlib.F2jBLAS,local[4],1,1,False,Success,102.770492063,9,0,0,,0,independent-original-lp,1.8035558399419435e-16,5.146274406229217e-17,4.8431119241195566e-11,107.88790105542054,3.118252335014649e-11,8.133895118754878e-15,2.312126824019053e-15,2225781200,3703111680,driver process; combined with executors in local mode; includes validation,,primary-4000-10-20-well-47-1e-08-4--cholesky/records.jsonl,,eced3a4cc7dd274341251671241563be7b9cb3deff68f50e5cb7c940a647a4ea,2
rerun-20260914-sparsity-and-conditioning,cfg-ccf9b49ed878ed68,env-e6211d7d84b6,primary-4000-10-20-well-47-1e-08-4,4000,40000,80000,well,47,,20,,,92faaf9f9fec416e3247eaa97847b3101d43783af00a0af10cc4a37c41f1f0b1,cfg-e9c4ad26e57bc1e8,com.github.vbmacher.spark_lp.CholeskyBenchmark,Cholesky,cholesky,,,1e-08,100,,1e-10,1000,0.0,0.0,268435456,8,1,4,4,core solve excluding independent validation,1,,c150dcaa9a783c63fc422d89a40d6daa77f19dc218c7f59971913ab43d4ab4ec,fedora,Linux,3.5.3,11.0.26+4-LTS,com.github.fommil.netlib.F2jBLAS,local[4],2,1,False,Success,102.194230855,9,0,0,,0,independent-original-lp,1.8035558399419435e-16,5.146274406229217e-17,4.8431119241195566e-11,107.88790105542054,3.118252335014649e-11,8.133895118754878e-15,2.312126824019053e-15,2286327280,3865100288,driver process; combined with executors in local mode; includes validation,,primary-4000-10-20-well-47-1e-08-4--cholesky/records.jsonl,,eced3a4cc7dd274341251671241563be7b9cb3deff68f50e5cb7c940a647a4ea,3
rerun-20260914-sparsity-and-conditioning,cfg-ccf9b49ed878ed68,env-e6211d7d84b6,primary-4000-10-20-well-47-1e-08-4,4000,40000,80000,well,47,,20,,,92faaf9f9fec416e3247eaa97847b3101d43783af00a0af10cc4a37c41f1f0b1,cfg-e9c4ad26e57bc1e8,com.github.vbmacher.spark_lp.CholeskyBenchmark,Cholesky,cholesky,,,1e-08,100,,1e-10,1000,0.0,0.0,268435456,8,1,4,4,core solve excluding independent validation,1,,c150dcaa9a783c63fc422d89a40d6daa77f19dc218c7f59971913ab43d4ab4ec,fedora,Linux,3.5.3,11.0.26+4-LTS,com.github.fommil.netlib.F2jBLAS,local[4],3,1,False,Success,102.25958266,9,0,0,,0,independent-original-lp,1.8035558399419435e-16,5.146274406229217e-17,4.8431119241195566e-11,107.88790105542054,3.118252335014649e-11,8.133895118754878e-15,2.312126824019053e-15,2220852320,3883433984,driver process; combined with executors in local mode; includes validation,,primary-4000-10-20-well-47-1e-08-4--cholesky/records.jsonl,,eced3a4cc7dd274341251671241563be7b9cb3deff68f50e5cb7c940a647a4ea,4
rerun-20260914-sparsity-and-conditioning,cfg-ccf9b49ed878ed68,env-e6211d7d84b6,primary-4000-10-20-well-47-1e-08-4,4000,40000,80000,well,47,,20,,,92faaf9f9fec416e3247eaa97847b3101d43783af00a0af10cc4a37c41f1f0b1,cfg-e9c4ad26e57bc1e8,com.github.vbmacher.spark_lp.CholeskyBenchmark,Cholesky,cholesky,,,1e-08,100,,1e-10,1000,0.0,0.0,268435456,8,1,4,4,core solve excluding independent validation,1,,c150dcaa9a783c63fc422d89a40d6daa77f19dc218c7f59971913ab43d4ab4ec,fedora,Linux,3.5.3,11.0.26+4-LTS,com.github.fommil.netlib.F2jBLAS,local[4],4,1,False,Success,102.168087374,9,0,0,,0,independent-original-lp,1.8035558399419435e-16,5.146274406229217e-17,4.8431119241195566e-11,107.88790105542054,3.118252335014649e-11,8.133895118754878e-15,2.312126824019053e-15,2259039744,4027744256,driver process; combined with executors in local mode; includes validation,,primary-4000-10-20-well-47-1e-08-4--cholesky/records.jsonl,,eced3a4cc7dd274341251671241563be7b9cb3deff68f50e5cb7c940a647a4ea,5
rerun-20260914-sparsity-and-conditioning,cfg-ccf9b49ed878ed68,env-e6211d7d84b6,primary-4000-10-20-well-47-1e-08-4,4000,40000,80000,well,47,,20,,,92faaf9f9fec416e3247eaa97847b3101d43783af00a0af10cc4a37c41f1f0b1,cfg-e9c4ad26e57bc1e8,com.github.vbmacher.spark_lp.CholeskyBenchmark,Cholesky,cholesky,,,1e-08,100,,1e-10,1000,0.0,0.0,268435456,8,1,4,4,core solve excluding independent validation,1,,c150dcaa9a783c63fc422d89a40d6daa77f19dc218c7f59971913ab43d4ab4ec,fedora,Linux,3.5.3,11.0.26+4-LTS,com.github.fommil.netlib.F2jBLAS,local[4],5,1,False,Success,101.893280892,9,0,0,,0,independent-original-lp,1.8035558399419435e-16,5.146274406229217e-17,4.8431119241195566e-11,107.88790105542054,3.118252335014649e-11,8.133895118754878e-15,2.312126824019053e-15,2241991424,4039852032,driver process; combined with executors in local mode; includes validation,,primary-4000-10-20-well-47-1e-08-4--cholesky/records.jsonl,,eced3a4cc7dd274341251671241563be7b9cb3deff68f50e5cb7c940a647a4ea,6
rerun-20260914-sparsity-and-conditioning,cfg-e57599231c883a6e,env-e6211d7d84b6,primary-500-10-20-well-11-1e-08-4,500,5000,10000,well,11,,20,,,c51a75641b874d580cf24eeea72d97cee7a494bc37c76c901e3f205c85723602,cfg-7bf483fe07fa8b1f,com.github.vbmacher.spark_lp.CGBenchmark,CG,cg,,,1e-08,100,,1e-10,1000,1e-08,1e-08,268435456,8,1,4,4,core solve excluding independent validation,1,,c150dcaa9a783c63fc422d89a40d6daa77f19dc218c7f59971913ab43d4ab4ec,fedora,Linux,3.5.3,11.0.26+4-LTS,com.github.fommil.netlib.F2jBLAS,local[4],0,1,True,Success,14.872745951,8,256,0,,0,independent-original-lp,8.867938811726352e-16,3.6625792865011925e-16,2.7730274979208355e-09,-11.250671724172765,1.988156020923628e-09,6.182700659954345e-13,2.2706482483498613e-13,3079332144,3879354368,driver process; combined with executors in local mode; includes validation,,primary-500-10-20-well-11-1e-08-4--cg/records.jsonl,,5f4e7fb0fd64957e78eae2897390a374a12313f8e4d5e2114450b62b83c8623e,1
rerun-20260914-sparsity-and-conditioning,cfg-e57599231c883a6e,env-e6211d7d84b6,primary-500-10-20-well-11-1e-08-4,500,5000,10000,well,11,,20,,,c51a75641b874d580cf24eeea72d97cee7a494bc37c76c901e3f205c85723602,cfg-7bf483fe07fa8b1f,com.github.vbmacher.spark_lp.CGBenchmark,CG,cg,,,1e-08,100,,1e-10,1000,1e-08,1e-08,268435456,8,1,4,4,core solve excluding independent validation,1,,c150dcaa9a783c63fc422d89a40d6daa77f19dc218c7f59971913ab43d4ab4ec,fedora,Linux,3.5.3,11.0.26+4-LTS,com.github.fommil.netlib.F2jBLAS,local[4],1,1,False,Success,13.809722684,8,256,0,,0,independent-original-lp,8.867938811726352e-16,3.6625792865011925e-16,2.7730274979208355e-09,-11.250671724172765,1.988156020923628e-09,6.182700659954345e-13,2.2706482483498613e-13,3171126704,4043063296,driver process; combined with executors in local mode; includes validation,,primary-500-10-20-well-11-1e-08-4--cg/records.jsonl,,5f4e7fb0fd64957e78eae2897390a374a12313f8e4d5e2114450b62b83c8623e,2
rerun-20260914-sparsity-and-conditioning,cfg-e57599231c883a6e,env-e6211d7d84b6,primary-500-10-20-well-11-1e-08-4,500,5000,10000,well,11,,20,,,c51a75641b874d580cf24eeea72d97cee7a494bc37c76c901e3f205c85723602,cfg-7bf483fe07fa8b1f,com.github.vbmacher.spark_lp.CGBenchmark,CG,cg,,,1e-08,100,,1e-10,1000,1e-08,1e-08,268435456,8,1,4,4,core solve excluding independent validation,1,,c150dcaa9a783c63fc422d89a40d6daa77f19dc218c7f59971913ab43d4ab4ec,fedora,Linux,3.5.3,11.0.26+4-LTS,com.github.fommil.netlib.F2jBLAS,local[4],2,1,False,Success,13.706637793999999,8,256,0,,0,independent-original-lp,8.867938811726352e-16,3.6625792865011925e-16,2.7730274979208355e-09,-11.250671724172765,1.988156020923628e-09,6.182700659954345e-13,2.2706482483498613e-13,3158605568,4100964352,driver process; combined with executors in local mode; includes validation,,primary-500-10-20-well-11-1e-08-4--cg/records.jsonl,,5f4e7fb0fd64957e78eae2897390a374a12313f8e4d5e2114450b62b83c8623e,3
rerun-20260914-sparsity-and-conditioning,cfg-e57599231c883a6e,env-e6211d7d84b6,primary-500-10-20-well-11-1e-08-4,500,5000,10000,well,11,,20,,,c51a75641b874d580cf24eeea72d97cee7a494bc37c76c901e3f205c85723602,cfg-7bf483fe07fa8b1f,com.github.vbmacher.spark_lp.CGBenchmark,CG,cg,,,1e-08,100,,1e-10,1000,1e-08,1e-08,268435456,8,1,4,4,core solve excluding independent validation,1,,c150dcaa9a783c63fc422d89a40d6daa77f19dc218c7f59971913ab43d4ab4ec,fedora,Linux,3.5.3,11.0.26+4-LTS,com.github.fommil.netlib.F2jBLAS,local[4],3,1,False,Success,12.960804153,8,256,0,,0,independent-original-lp,8.867938811726352e-16,3.6625792865011925e-16,2.7730274979208355e-09,-11.250671724172765,1.988156020923628e-09,6.182700659954345e-13,2.2706482483498613e-13,3129017384,4110139392,driver process; combined with executors in local mode; includes validation,,primary-500-10-20-well-11-1e-08-4--cg/records.jsonl,,5f4e7fb0fd64957e78eae2897390a374a12313f8e4d5e2114450b62b83c8623e,4
rerun-20260914-sparsity-and-conditioning,cfg-e57599231c883a6e,env-e6211d7d84b6,primary-500-10-20-well-11-1e-08-4,500,5000,10000,well,11,,20,,,c51a75641b874d580cf24eeea72d97cee7a494bc37c76c901e3f205c85723602,cfg-7bf483fe07fa8b1f,com.github.vbmacher.spark_lp.CGBenchmark,CG,cg,,,1e-08,100,,1e-10,1000,1e-08,1e-08,268435456,8,1,4,4,core solve excluding independent validation,1,,c150dcaa9a783c63fc422d89a40d6daa77f19dc218c7f59971913ab43d4ab4ec,fedora,Linux,3.5.3,11.0.26+4-LTS,com.github.fommil.netlib.F2jBLAS,local[4],4,1,False,Success,13.870925949,8,256,0,,0,independent-original-lp,8.867938811726352e-16,3.6625792865011925e-16,2.7730274979208355e-09,-11.250671724172765,1.988156020923628e-09,6.182700659954345e-13,2.2706482483498613e-13,3061871328,4126195712,driver process; combined with executors in local mode; includes validation,,primary-500-10-20-well-11-1e-08-4--cg/records.jsonl,,5f4e7fb0fd64957e78eae2897390a374a12313f8e4d5e2114450b62b83c8623e,5
rerun-20260914-sparsity-and-conditioning,cfg-e57599231c883a6e,env-e6211d7d84b6,primary-500-10-20-well-11-1e-08-4,500,5000,10000,well,11,,20,,,c51a75641b874d580cf24eeea72d97cee7a494bc37c76c901e3f205c85723602,cfg-7bf483fe07fa8b1f,com.github.vbmacher.spark_lp.CGBenchmark,CG,cg,,,1e-08,100,,1e-10,1000,1e-08,1e-08,268435456,8,1,4,4,core solve excluding independent validation,1,,c150dcaa9a783c63fc422d89a40d6daa77f19dc218c7f59971913ab43d4ab4ec,fedora,Linux,3.5.3,11.0.26+4-LTS,com.github.fommil.netlib.F2jBLAS,local[4],5,1,False,Success,12.910527650999999,8,256,0,,0,independent-original-lp,8.867938811726352e-16,3.6625792865011925e-16,2.7730274979208355e-09,-11.250671724172765,1.988156020923628e-09,6.182700659954345e-13,2.2706482483498613e-13,3074908464,4139925504,driver process; combined with executors in local mode; includes validation,,primary-500-10-20-well-11-1e-08-4--cg/records.jsonl,,5f4e7fb0fd64957e78eae2897390a374a12313f8e4d5e2114450b62b83c8623e,6
rerun-20260914-sparsity-and-conditioning,cfg-ccf9b49ed878ed68,env-e6211d7d84b6,primary-500-10-20-well-11-1e-08-4,500,5000,10000,well,11,,20,,,c51a75641b874d580cf24eeea72d97cee7a494bc37c76c901e3f205c85723602,cfg-e9c4ad26e57bc1e8,com.github.vbmacher.spark_lp.CholeskyBenchmark,Cholesky,cholesky,,,1e-08,100,,1e-10,1000,0.0,0.0,268435456,8,1,4,4,core solve excluding independent validation,1,,c150dcaa9a783c63fc422d89a40d6daa77f19dc218c7f59971913ab43d4ab4ec,fedora,Linux,3.5.3,11.0.26+4-LTS,com.github.fommil.netlib.F2jBLAS,local[4],0,1,True,Success,5.173000463,8,0,0,,0,independent-original-lp,2.8239831544054275e-16,5.253175193312211e-17,2.7730694031432793e-09,-11.250671724172784,1.9881544259151556e-09,6.182697098043095e-13,2.2706406083576652e-13,3511585736,3960569856,driver process; combined with executors in local mode; includes validation,,primary-500-10-20-well-11-1e-08-4--cholesky/records.jsonl,,71df14e4bf298674365b74be7ea78c22c982cd27bca80af180ae7ba1db6a9017,1
rerun-20260914-sparsity-and-conditioning,cfg-ccf9b49ed878ed68,env-e6211d7d84b6,primary-500-10-20-well-11-1e-08-4,500,5000,10000,well,11,,20,,,c51a75641b874d580cf24eeea72d97cee7a494bc37c76c901e3f205c85723602,cfg-e9c4ad26e57bc1e8,com.github.vbmacher.spark_lp.CholeskyBenchmark,Cholesky,cholesky,,,1e-08,100,,1e-10,1000,0.0,0.0,268435456,8,1,4,4,core solve excluding independent validation,1,,c150dcaa9a783c63fc422d89a40d6daa77f19dc218c7f59971913ab43d4ab4ec,fedora,Linux,3.5.3,11.0.26+4-LTS,com.github.fommil.netlib.F2jBLAS,local[4],1,1,False,Success,3.156763434,8,0,0,,0,independent-original-lp,2.8239831544054275e-16,5.253175193312211e-17,2.7730694031432793e-09,-11.250671724172784,1.9881544259151556e-09,6.182697098043095e-13,2.2706406083576652e-13,3576061216,4301651968,driver process; combined with executors in local mode; includes validation,,primary-500-10-20-well-11-1e-08-4--cholesky/records.jsonl,,71df14e4bf298674365b74be7ea78c22c982cd27bca80af180ae7ba1db6a9017,2
rerun-20260914-sparsity-and-conditioning,cfg-ccf9b49ed878ed68,env-e6211d7d84b6,primary-500-10-20-well-11-1e-08-4,500,5000,10000,well,11,,20,,,c51a75641b874d580cf24eeea72d97cee7a494bc37c76c901e3f205c85723602,cfg-e9c4ad26e57bc1e8,com.github.vbmacher.spark_lp.CholeskyBenchmark,Cholesky,cholesky,,,1e-08,100,,1e-10,1000,0.0,0.0,268435456,8,1,4,4,core solve excluding independent validation,1,,c150dcaa9a783c63fc422d89a40d6daa77f19dc218c7f59971913ab43d4ab4ec,fedora,Linux,3.5.3,11.0.26+4-LTS,com.github.fommil.netlib.F2jBLAS,local[4],2,1,False,Success,3.192842114,8,0,0,,0,independent-original-lp,2.8239831544054275e-16,5.253175193312211e-17,2.7730694031432793e-09,-11.250671724172784,1.9881544259151556e-09,6.182697098043095e-13,2.2706406083576652e-13,3469210112,4411899904,driver process; combined with executors in local mode; includes validation,,primary-500-10-20-well-11-1e-08-4--cholesky/records.jsonl,,71df14e4bf298674365b74be7ea78c22c982cd27bca80af180ae7ba1db6a9017,3
rerun-20260914-sparsity-and-conditioning,cfg-ccf9b49ed878ed68,env-e6211d7d84b6,primary-500-10-20-well-11-1e-08-4,500,5000,10000,well,11,,20,,,c51a75641b874d580cf24eeea72d97cee7a494bc37c76c901e3f205c85723602,cfg-e9c4ad26e57bc1e8,com.github.vbmacher.spark_lp.CholeskyBenchmark,Cholesky,cholesky,,,1e-08,100,,1e-10,1000,0.0,0.0,268435456,8,1,4,4,core solve excluding independent validation,1,,c150dcaa9a783c63fc422d89a40d6daa77f19dc218c7f59971913ab43d4ab4ec,fedora,Linux,3.5.3,11.0.26+4-LTS,com.github.fommil.netlib.F2jBLAS,local[4],3,1,False,Success,2.8262124909999997,8,0,0,,0,independent-original-lp,2.8239831544054275e-16,5.253175193312211e-17,2.7730694031432793e-09,-11.250671724172784,1.9881544259151556e-09,6.182697098043095e-13,2.2706406083576652e-13,3474214480,4477616128,driver process; combined with executors in local mode; includes validation,,primary-500-10-20-well-11-1e-08-4--cholesky/records.jsonl,,71df14e4bf298674365b74be7ea78c22c982cd27bca80af180ae7ba1db6a9017,4
rerun-20260914-sparsity-and-conditioning,cfg-ccf9b49ed878ed68,env-e6211d7d84b6,primary-500-10-20-well-11-1e-08-4,500,5000,10000,well,11,,20,,,c51a75641b874d580cf24eeea72d97cee7a494bc37c76c901e3f205c85723602,cfg-e9c4ad26e57bc1e8,com.github.vbmacher.spark_lp.CholeskyBenchmark,Cholesky,cholesky,,,1e-08,100,,1e-10,1000,0.0,0.0,268435456,8,1,4,4,core solve excluding independent validation,1,,c150dcaa9a783c63fc422d89a40d6daa77f19dc218c7f59971913ab43d4ab4ec,fedora,Linux,3.5.3,11.0.26+4-LTS,com.github.fommil.netlib.F2jBLAS,local[4],4,1,False,Success,2.824896569,8,0,0,,0,independent-original-lp,2.8239831544054275e-16,5.253175193312211e-17,2.7730694031432793e-09,-11.250671724172784,1.9881544259151556e-09,6.182697098043095e-13,2.2706406083576652e-13,3484697872,4523229184,driver process; combined with executors in local mode; includes validation,,primary-500-10-20-well-11-1e-08-4--cholesky/records.jsonl,,71df14e4bf298674365b74be7ea78c22c982cd27bca80af180ae7ba1db6a9017,5
rerun-20260914-sparsity-and-conditioning,cfg-ccf9b49ed878ed68,env-e6211d7d84b6,primary-500-10-20-well-11-1e-08-4,500,5000,10000,well,11,,20,,,c51a75641b874d580cf24eeea72d97cee7a494bc37c76c901e3f205c85723602,cfg-e9c4ad26e57bc1e8,com.github.vbmacher.spark_lp.CholeskyBenchmark,Cholesky,cholesky,,,1e-08,100,,1e-10,1000,0.0,0.0,268435456,8,1,4,4,core solve excluding independent validation,1,,c150dcaa9a783c63fc422d89a40d6daa77f19dc218c7f59971913ab43d4ab4ec,fedora,Linux,3.5.3,11.0.26+4-LTS,com.github.fommil.netlib.F2jBLAS,local[4],5,1,False,Success,2.718943955,8,0,0,,0,independent-original-lp,2.8239831544054275e-16,5.253175193312211e-17,2.7730694031432793e-09,-11.250671724172784,1.9881544259151556e-09,6.182697098043095e-13,2.2706406083576652e-13,3393290360,4544397312,driver process; combined with executors in local mode; includes validation,,primary-500-10-20-well-11-1e-08-4--cholesky/records.jsonl,,71df14e4bf298674365b74be7ea78c22c982cd27bca80af180ae7ba1db6a9017,6
rerun-20260914-sparsity-and-conditioning,cfg-e57599231c883a6e,env-e6211d7d84b6,primary-500-10-20-well-29-1e-08-4,500,5000,10000,well,29,,20,,,1f452df56bc4ab704bc58b078803d75f8b113ec7ff3ec4f0a27cea7fcaa72274,cfg-7bf483fe07fa8b1f,com.github.vbmacher.spark_lp.CGBenchmark,CG,cg,,,1e-08,100,,1e-10,1000,1e-08,1e-08,268435456,8,1,4,4,core solve excluding independent validation,1,,c150dcaa9a783c63fc422d89a40d6daa77f19dc218c7f59971913ab43d4ab4ec,fedora,Linux,3.5.3,11.0.26+4-LTS,com.github.fommil.netlib.F2jBLAS,local[4],0,1,True,Success,12.252153070999999,9,263,0,,0,independent-original-lp,4.696449069465831e-12,5.1858781257353364e-17,3.9927974333752874e-11,3.2164700425832153,2.82628743727025e-11,2.8999728135322383e-15,1.5382920361193544e-16,2209017568,3034677248,driver process; combined with executors in local mode; includes validation,,primary-500-10-20-well-29-1e-08-4--cg/records.jsonl,,b65e2cbf61c0d7dd6bf4c6fecd6d3b063a566d6162d3253ddc5ff303c7885872,1
rerun-20260914-sparsity-and-conditioning,cfg-e57599231c883a6e,env-e6211d7d84b6,primary-500-10-20-well-29-1e-08-4,500,5000,10000,well,29,,20,,,1f452df56bc4ab704bc58b078803d75f8b113ec7ff3ec4f0a27cea7fcaa72274,cfg-7bf483fe07fa8b1f,com.github.vbmacher.spark_lp.CGBenchmark,CG,cg,,,1e-08,100,,1e-10,1000,1e-08,1e-08,268435456,8,1,4,4,core solve excluding independent validation,1,,c150dcaa9a783c63fc422d89a40d6daa77f19dc218c7f59971913ab43d4ab4ec,fedora,Linux,3.5.3,11.0.26+4-LTS,com.github.fommil.netlib.F2jBLAS,local[4],1,1,False,Success,10.565478730999999,9,263,0,,0,independent-original-lp,4.696449069465831e-12,5.1858781257353364e-17,3.9927974333752874e-11,3.2164700425832153,2.82628743727025e-11,2.8999728135322383e-15,1.5382920361193544e-16,3149123496,4054351872,driver process; combined with executors in local mode; includes validation,,primary-500-10-20-well-29-1e-08-4--cg/records.jsonl,,b65e2cbf61c0d7dd6bf4c6fecd6d3b063a566d6162d3253ddc5ff303c7885872,2
rerun-20260914-sparsity-and-conditioning,cfg-e57599231c883a6e,env-e6211d7d84b6,primary-500-10-20-well-29-1e-08-4,500,5000,10000,well,29,,20,,,1f452df56bc4ab704bc58b078803d75f8b113ec7ff3ec4f0a27cea7fcaa72274,cfg-7bf483fe07fa8b1f,com.github.vbmacher.spark_lp.CGBenchmark,CG,cg,,,1e-08,100,,1e-10,1000,1e-08,1e-08,268435456,8,1,4,4,core solve excluding independent validation,1,,c150dcaa9a783c63fc422d89a40d6daa77f19dc218c7f59971913ab43d4ab4ec,fedora,Linux,3.5.3,11.0.26+4-LTS,com.github.fommil.netlib.F2jBLAS,local[4],2,1,False,Success,13.464795503,9,263,0,,0,independent-original-lp,4.696449069465831e-12,5.1858781257353364e-17,3.9927974333752874e-11,3.2164700425832153,2.82628743727025e-11,2.8999728135322383e-15,1.5382920361193544e-16,3129527296,4097425408,driver process; combined with executors in local mode; includes validation,,primary-500-10-20-well-29-1e-08-4--cg/records.jsonl,,b65e2cbf61c0d7dd6bf4c6fecd6d3b063a566d6162d3253ddc5ff303c7885872,3
rerun-20260914-sparsity-and-conditioning,cfg-e57599231c883a6e,env-e6211d7d84b6,primary-500-10-20-well-29-1e-08-4,500,5000,10000,well,29,,20,,,1f452df56bc4ab704bc58b078803d75f8b113ec7ff3ec4f0a27cea7fcaa72274,cfg-7bf483fe07fa8b1f,com.github.vbmacher.spark_lp.CGBenchmark,CG,cg,,,1e-08,100,,1e-10,1000,1e-08,1e-08,268435456,8,1,4,4,core solve excluding independent validation,1,,c150dcaa9a783c63fc422d89a40d6daa77f19dc218c7f59971913ab43d4ab4ec,fedora,Linux,3.5.3,11.0.26+4-LTS,com.github.fommil.netlib.F2jBLAS,local[4],3,1,False,Success,14.462871779,9,263,0,,0,independent-original-lp,4.696449069465831e-12,5.1858781257353364e-17,3.9927974333752874e-11,3.2164700425832153,2.82628743727025e-11,2.8999728135322383e-15,1.5382920361193544e-16,3029386880,4107714560,driver process; combined with executors in local mode; includes validation,,primary-500-10-20-well-29-1e-08-4--cg/records.jsonl,,b65e2cbf61c0d7dd6bf4c6fecd6d3b063a566d6162d3253ddc5ff303c7885872,4
rerun-20260914-sparsity-and-conditioning,cfg-e57599231c883a6e,env-e6211d7d84b6,primary-500-10-20-well-29-1e-08-4,500,5000,10000,well,29,,20,,,1f452df56bc4ab704bc58b078803d75f8b113ec7ff3ec4f0a27cea7fcaa72274,cfg-7bf483fe07fa8b1f,com.github.vbmacher.spark_lp.CGBenchmark,CG,cg,,,1e-08,100,,1e-10,1000,1e-08,1e-08,268435456,8,1,4,4,core solve excluding independent validation,1,,c150dcaa9a783c63fc422d89a40d6daa77f19dc218c7f59971913ab43d4ab4ec,fedora,Linux,3.5.3,11.0.26+4-LTS,com.github.fommil.netlib.F2jBLAS,local[4],4,1,False,Success,9.972559936,9,263,0,,0,independent-original-lp,4.696449069465831e-12,5.1858781257353364e-17,3.9927974333752874e-11,3.2164700425832153,2.82628743727025e-11,2.8999728135322383e-15,1.5382920361193544e-16,3053276304,4139646976,driver process; combined with executors in local mode; includes validation,,primary-500-10-20-well-29-1e-08-4--cg/records.jsonl,,b65e2cbf61c0d7dd6bf4c6fecd6d3b063a566d6162d3253ddc5ff303c7885872,5
rerun-20260914-sparsity-and-conditioning,cfg-e57599231c883a6e,env-e6211d7d84b6,primary-500-10-20-well-29-1e-08-4,500,5000,10000,well,29,,20,,,1f452df56bc4ab704bc58b078803d75f8b113ec7ff3ec4f0a27cea7fcaa72274,cfg-7bf483fe07fa8b1f,com.github.vbmacher.spark_lp.CGBenchmark,CG,cg,,,1e-08,100,,1e-10,1000,1e-08,1e-08,268435456,8,1,4,4,core solve excluding independent validation,1,,c150dcaa9a783c63fc422d89a40d6daa77f19dc218c7f59971913ab43d4ab4ec,fedora,Linux,3.5.3,11.0.26+4-LTS,com.github.fommil.netlib.F2jBLAS,local[4],5,1,False,Success,9.466059696999999,9,263,0,,0,independent-original-lp,4.696449069465831e-12,5.1858781257353364e-17,3.9927974333752874e-11,3.2164700425832153,2.82628743727025e-11,2.8999728135322383e-15,1.5382920361193544e-16,3010670272,4155998208,driver process; combined with executors in local mode; includes validation,,primary-500-10-20-well-29-1e-08-4--cg/records.jsonl,,b65e2cbf61c0d7dd6bf4c6fecd6d3b063a566d6162d3253ddc5ff303c7885872,6
rerun-20260914-sparsity-and-conditioning,cfg-ccf9b49ed878ed68,env-e6211d7d84b6,primary-500-10-20-well-29-1e-08-4,500,5000,10000,well,29,,20,,,1f452df56bc4ab704bc58b078803d75f8b113ec7ff3ec4f0a27cea7fcaa72274,cfg-e9c4ad26e57bc1e8,com.github.vbmacher.spark_lp.CholeskyBenchmark,Cholesky,cholesky,,,1e-08,100,,1e-10,1000,0.0,0.0,268435456,8,1,4,4,core solve excluding independent validation,1,,c150dcaa9a783c63fc422d89a40d6daa77f19dc218c7f59971913ab43d4ab4ec,fedora,Linux,3.5.3,11.0.26+4-LTS,com.github.fommil.netlib.F2jBLAS,local[4],0,1,True,Success,4.953010989999999,9,0,0,,0,independent-original-lp,1.8088895108924845e-16,5.110866085845791e-17,3.828610171928799e-11,3.2164700425762907,2.6620580468215197e-11,2.8999653876063658e-15,1.5382865645252803e-16,1929914560,2673999872,driver process; combined with executors in local mode; includes validation,,primary-500-10-20-well-29-1e-08-4--cholesky/records.jsonl,,aadc8a0dccc008678890228d07c07886729aa383f361b50ced4e9f6b890266be,1
rerun-20260914-sparsity-and-conditioning,cfg-ccf9b49ed878ed68,env-e6211d7d84b6,primary-500-10-20-well-29-1e-08-4,500,5000,10000,well,29,,20,,,1f452df56bc4ab704bc58b078803d75f8b113ec7ff3ec4f0a27cea7fcaa72274,cfg-e9c4ad26e57bc1e8,com.github.vbmacher.spark_lp.CholeskyBenchmark,Cholesky,cholesky,,,1e-08,100,,1e-10,1000,0.0,0.0,268435456,8,1,4,4,core solve excluding independent validation,1,,c150dcaa9a783c63fc422d89a40d6daa77f19dc218c7f59971913ab43d4ab4ec,fedora,Linux,3.5.3,11.0.26+4-LTS,com.github.fommil.netlib.F2jBLAS,local[4],1,1,False,Success,3.580155881,9,0,0,,0,independent-original-lp,1.8088895108924845e-16,5.110866085845791e-17,3.828610171928799e-11,3.2164700425762907,2.6620580468215197e-11,2.8999653876063658e-15,1.5382865645252803e-16,2849788416,3622617088,driver process; combined with executors in local mode; includes validation,,primary-500-10-20-well-29-1e-08-4--cholesky/records.jsonl,,aadc8a0dccc008678890228d07c07886729aa383f361b50ced4e9f6b890266be,2
rerun-20260914-sparsity-and-conditioning,cfg-ccf9b49ed878ed68,env-e6211d7d84b6,primary-500-10-20-well-29-1e-08-4,500,5000,10000,well,29,,20,,,1f452df56bc4ab704bc58b078803d75f8b113ec7ff3ec4f0a27cea7fcaa72274,cfg-e9c4ad26e57bc1e8,com.github.vbmacher.spark_lp.CholeskyBenchmark,Cholesky,cholesky,,,1e-08,100,,1e-10,1000,0.0,0.0,268435456,8,1,4,4,core solve excluding independent validation,1,,c150dcaa9a783c63fc422d89a40d6daa77f19dc218c7f59971913ab43d4ab4ec,fedora,Linux,3.5.3,11.0.26+4-LTS,com.github.fommil.netlib.F2jBLAS,local[4],2,1,False,Success,3.285727703,9,0,0,,0,independent-original-lp,1.8088895108924845e-16,5.110866085845791e-17,3.828610171928799e-11,3.2164700425762907,2.6620580468215197e-11,2.8999653876063658e-15,1.5382865645252803e-16,2737066432,3713499136,driver process; combined with executors in local mode; includes validation,,primary-500-10-20-well-29-1e-08-4--cholesky/records.jsonl,,aadc8a0dccc008678890228d07c07886729aa383f361b50ced4e9f6b890266be,3
rerun-20260914-sparsity-and-conditioning,cfg-ccf9b49ed878ed68,env-e6211d7d84b6,primary-500-10-20-well-29-1e-08-4,500,5000,10000,well,29,,20,,,1f452df56bc4ab704bc58b078803d75f8b113ec7ff3ec4f0a27cea7fcaa72274,cfg-e9c4ad26e57bc1e8,com.github.vbmacher.spark_lp.CholeskyBenchmark,Cholesky,cholesky,,,1e-08,100,,1e-10,1000,0.0,0.0,268435456,8,1,4,4,core solve excluding independent validation,1,,c150dcaa9a783c63fc422d89a40d6daa77f19dc218c7f59971913ab43d4ab4ec,fedora,Linux,3.5.3,11.0.26+4-LTS,com.github.fommil.netlib.F2jBLAS,local[4],3,1,False,Success,3.456932516,9,0,0,,0,independent-original-lp,1.8088895108924845e-16,5.110866085845791e-17,3.828610171928799e-11,3.2164700425762907,2.6620580468215197e-11,2.8999653876063658e-15,1.5382865645252803e-16,3258356944,4034953216,driver process; combined with executors in local mode; includes validation,,primary-500-10-20-well-29-1e-08-4--cholesky/records.jsonl,,aadc8a0dccc008678890228d07c07886729aa383f361b50ced4e9f6b890266be,4
rerun-20260914-sparsity-and-conditioning,cfg-ccf9b49ed878ed68,env-e6211d7d84b6,primary-500-10-20-well-29-1e-08-4,500,5000,10000,well,29,,20,,,1f452df56bc4ab704bc58b078803d75f8b113ec7ff3ec4f0a27cea7fcaa72274,cfg-e9c4ad26e57bc1e8,com.github.vbmacher.spark_lp.CholeskyBenchmark,Cholesky,cholesky,,,1e-08,100,,1e-10,1000,0.0,0.0,268435456,8,1,4,4,core solve excluding independent validation,1,,c150dcaa9a783c63fc422d89a40d6daa77f19dc218c7f59971913ab43d4ab4ec,fedora,Linux,3.5.3,11.0.26+4-LTS,com.github.fommil.netlib.F2jBLAS,local[4],4,1,False,Success,3.2354834529999996,9,0,0,,0,independent-original-lp,1.8088895108924845e-16,5.110866085845791e-17,3.828610171928799e-11,3.2164700425762907,2.6620580468215197e-11,2.8999653876063658e-15,1.5382865645252803e-16,3442996224,4297474048,driver process; combined with executors in local mode; includes validation,,primary-500-10-20-well-29-1e-08-4--cholesky/records.jsonl,,aadc8a0dccc008678890228d07c07886729aa383f361b50ced4e9f6b890266be,5
rerun-20260914-sparsity-and-conditioning,cfg-ccf9b49ed878ed68,env-e6211d7d84b6,primary-500-10-20-well-29-1e-08-4,500,5000,10000,well,29,,20,,,1f452df56bc4ab704bc58b078803d75f8b113ec7ff3ec4f0a27cea7fcaa72274,cfg-e9c4ad26e57bc1e8,com.github.vbmacher.spark_lp.CholeskyBenchmark,Cholesky,cholesky,,,1e-08,100,,1e-10,1000,0.0,0.0,268435456,8,1,4,4,core solve excluding independent validation,1,,c150dcaa9a783c63fc422d89a40d6daa77f19dc218c7f59971913ab43d4ab4ec,fedora,Linux,3.5.3,11.0.26+4-LTS,com.github.fommil.netlib.F2jBLAS,local[4],5,1,False,Success,3.1577878139999997,9,0,0,,0,independent-original-lp,1.8088895108924845e-16,5.110866085845791e-17,3.828610171928799e-11,3.2164700425762907,2.6620580468215197e-11,2.8999653876063658e-15,1.5382865645252803e-16,3414401032,4371070976,driver process; combined with executors in local mode; includes validation,,primary-500-10-20-well-29-1e-08-4--cholesky/records.jsonl,,aadc8a0dccc008678890228d07c07886729aa383f361b50ced4e9f6b890266be,6
rerun-20260914-sparsity-and-conditioning,cfg-e57599231c883a6e,env-e6211d7d84b6,primary-500-10-20-well-47-1e-08-4,500,5000,10000,well,47,,20,,,b51356737a1cadc39d0b4c249efb08f8c9d954f3d02874bf76b75d76aa041346,cfg-7bf483fe07fa8b1f,com.github.vbmacher.spark_lp.CGBenchmark,CG,cg,,,1e-08,100,,1e-10,1000,1e-08,1e-08,268435456,8,1,4,4,core solve excluding independent validation,1,,c150dcaa9a783c63fc422d89a40d6daa77f19dc218c7f59971913ab43d4ab4ec,fedora,Linux,3.5.3,11.0.26+4-LTS,com.github.fommil.netlib.F2jBLAS,local[4],0,1,True,Success,11.935857034,8,261,0,,0,independent-original-lp,1.3001494048349606e-15,5.919831382388906e-16,3.2930975666504862e-09,17.855318755372846,2.4840242723055758e-09,9.72322155709521e-13,1.6520528970171424e-13,3136030208,3941498880,driver process; combined with executors in local mode; includes validation,,primary-500-10-20-well-47-1e-08-4--cg/records.jsonl,,0e6455d62ed08f524998911dd20497009b7c23163a792897b4a0d16f48b5f497,1
rerun-20260914-sparsity-and-conditioning,cfg-e57599231c883a6e,env-e6211d7d84b6,primary-500-10-20-well-47-1e-08-4,500,5000,10000,well,47,,20,,,b51356737a1cadc39d0b4c249efb08f8c9d954f3d02874bf76b75d76aa041346,cfg-7bf483fe07fa8b1f,com.github.vbmacher.spark_lp.CGBenchmark,CG,cg,,,1e-08,100,,1e-10,1000,1e-08,1e-08,268435456,8,1,4,4,core solve excluding independent validation,1,,c150dcaa9a783c63fc422d89a40d6daa77f19dc218c7f59971913ab43d4ab4ec,fedora,Linux,3.5.3,11.0.26+4-LTS,com.github.fommil.netlib.F2jBLAS,local[4],1,1,False,Success,9.721726474,8,261,0,,0,independent-original-lp,1.3001494048349606e-15,5.919831382388906e-16,3.2930975666504862e-09,17.855318755372846,2.4840242723055758e-09,9.72322155709521e-13,1.6520528970171424e-13,3227765248,4090707968,driver process; combined with executors in local mode; includes validation,,primary-500-10-20-well-47-1e-08-4--cg/records.jsonl,,0e6455d62ed08f524998911dd20497009b7c23163a792897b4a0d16f48b5f497,2
rerun-20260914-sparsity-and-conditioning,cfg-e57599231c883a6e,env-e6211d7d84b6,primary-500-10-20-well-47-1e-08-4,500,5000,10000,well,47,,20,,,b51356737a1cadc39d0b4c249efb08f8c9d954f3d02874bf76b75d76aa041346,cfg-7bf483fe07fa8b1f,com.github.vbmacher.spark_lp.CGBenchmark,CG,cg,,,1e-08,100,,1e-10,1000,1e-08,1e-08,268435456,8,1,4,4,core solve excluding independent validation,1,,c150dcaa9a783c63fc422d89a40d6daa77f19dc218c7f59971913ab43d4ab4ec,fedora,Linux,3.5.3,11.0.26+4-LTS,com.github.fommil.netlib.F2jBLAS,local[4],2,1,False,Success,9.667607704,8,261,0,,0,independent-original-lp,1.3001494048349606e-15,5.919831382388906e-16,3.2930975666504862e-09,17.855318755372846,2.4840242723055758e-09,9.72322155709521e-13,1.6520528970171424e-13,3091543552,4116529152,driver process; combined with executors in local mode; includes validation,,primary-500-10-20-well-47-1e-08-4--cg/records.jsonl,,0e6455d62ed08f524998911dd20497009b7c23163a792897b4a0d16f48b5f497,3
rerun-20260914-sparsity-and-conditioning,cfg-e57599231c883a6e,env-e6211d7d84b6,primary-500-10-20-well-47-1e-08-4,500,5000,10000,well,47,,20,,,b51356737a1cadc39d0b4c249efb08f8c9d954f3d02874bf76b75d76aa041346,cfg-7bf483fe07fa8b1f,com.github.vbmacher.spark_lp.CGBenchmark,CG,cg,,,1e-08,100,,1e-10,1000,1e-08,1e-08,268435456,8,1,4,4,core solve excluding independent validation,1,,c150dcaa9a783c63fc422d89a40d6daa77f19dc218c7f59971913ab43d4ab4ec,fedora,Linux,3.5.3,11.0.26+4-LTS,com.github.fommil.netlib.F2jBLAS,local[4],3,1,False,Success,8.913759104,8,261,0,,0,independent-original-lp,1.3001494048349606e-15,5.919831382388906e-16,3.2930975666504862e-09,17.855318755372846,2.4840242723055758e-09,9.72322155709521e-13,1.6520528970171424e-13,3065262040,4125818880,driver process; combined with executors in local mode; includes validation,,primary-500-10-20-well-47-1e-08-4--cg/records.jsonl,,0e6455d62ed08f524998911dd20497009b7c23163a792897b4a0d16f48b5f497,4
rerun-20260914-sparsity-and-conditioning,cfg-e57599231c883a6e,env-e6211d7d84b6,primary-500-10-20-well-47-1e-08-4,500,5000,10000,well,47,,20,,,b51356737a1cadc39d0b4c249efb08f8c9d954f3d02874bf76b75d76aa041346,cfg-7bf483fe07fa8b1f,com.github.vbmacher.spark_lp.CGBenchmark,CG,cg,,,1e-08,100,,1e-10,1000,1e-08,1e-08,268435456,8,1,4,4,core solve excluding independent validation,1,,c150dcaa9a783c63fc422d89a40d6daa77f19dc218c7f59971913ab43d4ab4ec,fedora,Linux,3.5.3,11.0.26+4-LTS,com.github.fommil.netlib.F2jBLAS,local[4],4,1,False,Success,8.934748293,8,261,0,,0,independent-original-lp,1.3001494048349606e-15,5.919831382388906e-16,3.2930975666504862e-09,17.855318755372846,2.4840242723055758e-09,9.72322155709521e-13,1.6520528970171424e-13,3043636512,4146675712,driver process; combined with executors in local mode; includes validation,,primary-500-10-20-well-47-1e-08-4--cg/records.jsonl,,0e6455d62ed08f524998911dd20497009b7c23163a792897b4a0d16f48b5f497,5
rerun-20260914-sparsity-and-conditioning,cfg-e57599231c883a6e,env-e6211d7d84b6,primary-500-10-20-well-47-1e-08-4,500,5000,10000,well,47,,20,,,b51356737a1cadc39d0b4c249efb08f8c9d954f3d02874bf76b75d76aa041346,cfg-7bf483fe07fa8b1f,com.github.vbmacher.spark_lp.CGBenchmark,CG,cg,,,1e-08,100,,1e-10,1000,1e-08,1e-08,268435456,8,1,4,4,core solve excluding independent validation,1,,c150dcaa9a783c63fc422d89a40d6daa77f19dc218c7f59971913ab43d4ab4ec,fedora,Linux,3.5.3,11.0.26+4-LTS,com.github.fommil.netlib.F2jBLAS,local[4],5,1,False,Success,8.980021269,8,261,0,,0,independent-original-lp,1.3001494048349606e-15,5.919831382388906e-16,3.2930975666504862e-09,17.855318755372846,2.4840242723055758e-09,9.72322155709521e-13,1.6520528970171424e-13,3074148128,4157931520,driver process; combined with executors in local mode; includes validation,,primary-500-10-20-well-47-1e-08-4--cg/records.jsonl,,0e6455d62ed08f524998911dd20497009b7c23163a792897b4a0d16f48b5f497,6
rerun-20260914-sparsity-and-conditioning,cfg-ccf9b49ed878ed68,env-e6211d7d84b6,primary-500-10-20-well-47-1e-08-4,500,5000,10000,well,47,,20,,,b51356737a1cadc39d0b4c249efb08f8c9d954f3d02874bf76b75d76aa041346,cfg-e9c4ad26e57bc1e8,com.github.vbmacher.spark_lp.CholeskyBenchmark,Cholesky,cholesky,,,1e-08,100,,1e-10,1000,0.0,0.0,268435456,8,1,4,4,core solve excluding independent validation,1,,c150dcaa9a783c63fc422d89a40d6daa77f19dc218c7f59971913ab43d4ab4ec,fedora,Linux,3.5.3,11.0.26+4-LTS,com.github.fommil.netlib.F2jBLAS,local[4],0,1,True,Success,4.832787722,8,0,0,,0,independent-original-lp,3.040166539053523e-16,5.2101970087255425e-17,3.293143541059861e-09,17.855318755372842,2.484024083885866e-09,9.723222202997365e-13,1.6520532280831877e-13,1538344976,2353774592,driver process; combined with executors in local mode; includes validation,,primary-500-10-20-well-47-1e-08-4--cholesky/records.jsonl,,1709f570599d681310b8bc26d2c97537df3145f2bb3c41ccb85e9af4266ca90f,1
rerun-20260914-sparsity-and-conditioning,cfg-ccf9b49ed878ed68,env-e6211d7d84b6,primary-500-10-20-well-47-1e-08-4,500,5000,10000,well,47,,20,,,b51356737a1cadc39d0b4c249efb08f8c9d954f3d02874bf76b75d76aa041346,cfg-e9c4ad26e57bc1e8,com.github.vbmacher.spark_lp.CholeskyBenchmark,Cholesky,cholesky,,,1e-08,100,,1e-10,1000,0.0,0.0,268435456,8,1,4,4,core solve excluding independent validation,1,,c150dcaa9a783c63fc422d89a40d6daa77f19dc218c7f59971913ab43d4ab4ec,fedora,Linux,3.5.3,11.0.26+4-LTS,com.github.fommil.netlib.F2jBLAS,local[4],1,1,False,Success,3.1679389909999998,8,0,0,,0,independent-original-lp,3.040166539053523e-16,5.2101970087255425e-17,3.293143541059861e-09,17.855318755372842,2.484024083885866e-09,9.723222202997365e-13,1.6520532280831877e-13,2295033856,3043819520,driver process; combined with executors in local mode; includes validation,,primary-500-10-20-well-47-1e-08-4--cholesky/records.jsonl,,1709f570599d681310b8bc26d2c97537df3145f2bb3c41ccb85e9af4266ca90f,2
rerun-20260914-sparsity-and-conditioning,cfg-ccf9b49ed878ed68,env-e6211d7d84b6,primary-500-10-20-well-47-1e-08-4,500,5000,10000,well,47,,20,,,b51356737a1cadc39d0b4c249efb08f8c9d954f3d02874bf76b75d76aa041346,cfg-e9c4ad26e57bc1e8,com.github.vbmacher.spark_lp.CholeskyBenchmark,Cholesky,cholesky,,,1e-08,100,,1e-10,1000,0.0,0.0,268435456,8,1,4,4,core solve excluding independent validation,1,,c150dcaa9a783c63fc422d89a40d6daa77f19dc218c7f59971913ab43d4ab4ec,fedora,Linux,3.5.3,11.0.26+4-LTS,com.github.fommil.netlib.F2jBLAS,local[4],2,1,False,Success,2.8080135659999996,8,0,0,,0,independent-original-lp,3.040166539053523e-16,5.2101970087255425e-17,3.293143541059861e-09,17.855318755372842,2.484024083885866e-09,9.723222202997365e-13,1.6520532280831877e-13,2709957120,3473375232,driver process; combined with executors in local mode; includes validation,,primary-500-10-20-well-47-1e-08-4--cholesky/records.jsonl,,1709f570599d681310b8bc26d2c97537df3145f2bb3c41ccb85e9af4266ca90f,3
rerun-20260914-sparsity-and-conditioning,cfg-ccf9b49ed878ed68,env-e6211d7d84b6,primary-500-10-20-well-47-1e-08-4,500,5000,10000,well,47,,20,,,b51356737a1cadc39d0b4c249efb08f8c9d954f3d02874bf76b75d76aa041346,cfg-e9c4ad26e57bc1e8,com.github.vbmacher.spark_lp.CholeskyBenchmark,Cholesky,cholesky,,,1e-08,100,,1e-10,1000,0.0,0.0,268435456,8,1,4,4,core solve excluding independent validation,1,,c150dcaa9a783c63fc422d89a40d6daa77f19dc218c7f59971913ab43d4ab4ec,fedora,Linux,3.5.3,11.0.26+4-LTS,com.github.fommil.netlib.F2jBLAS,local[4],3,1,False,Success,2.789128889,8,0,0,,0,independent-original-lp,3.040166539053523e-16,5.2101970087255425e-17,3.293143541059861e-09,17.855318755372842,2.484024083885866e-09,9.723222202997365e-13,1.6520532280831877e-13,2839617696,3628777472,driver process; combined with executors in local mode; includes validation,,primary-500-10-20-well-47-1e-08-4--cholesky/records.jsonl,,1709f570599d681310b8bc26d2c97537df3145f2bb3c41ccb85e9af4266ca90f,4
rerun-20260914-sparsity-and-conditioning,cfg-ccf9b49ed878ed68,env-e6211d7d84b6,primary-500-10-20-well-47-1e-08-4,500,5000,10000,well,47,,20,,,b51356737a1cadc39d0b4c249efb08f8c9d954f3d02874bf76b75d76aa041346,cfg-e9c4ad26e57bc1e8,com.github.vbmacher.spark_lp.CholeskyBenchmark,Cholesky,cholesky,,,1e-08,100,,1e-10,1000,0.0,0.0,268435456,8,1,4,4,core solve excluding independent validation,1,,c150dcaa9a783c63fc422d89a40d6daa77f19dc218c7f59971913ab43d4ab4ec,fedora,Linux,3.5.3,11.0.26+4-LTS,com.github.fommil.netlib.F2jBLAS,local[4],4,1,False,Success,2.748792771,8,0,0,,0,independent-original-lp,3.040166539053523e-16,5.2101970087255425e-17,3.293143541059861e-09,17.855318755372842,2.484024083885866e-09,9.723222202997365e-13,1.6520532280831877e-13,2919774464,3772678144,driver process; combined with executors in local mode; includes validation,,primary-500-10-20-well-47-1e-08-4--cholesky/records.jsonl,,1709f570599d681310b8bc26d2c97537df3145f2bb3c41ccb85e9af4266ca90f,5
rerun-20260914-sparsity-and-conditioning,cfg-ccf9b49ed878ed68,env-e6211d7d84b6,primary-500-10-20-well-47-1e-08-4,500,5000,10000,well,47,,20,,,b51356737a1cadc39d0b4c249efb08f8c9d954f3d02874bf76b75d76aa041346,cfg-e9c4ad26e57bc1e8,com.github.vbmacher.spark_lp.CholeskyBenchmark,Cholesky,cholesky,,,1e-08,100,,1e-10,1000,0.0,0.0,268435456,8,1,4,4,core solve excluding independent validation,1,,c150dcaa9a783c63fc422d89a40d6daa77f19dc218c7f59971913ab43d4ab4ec,fedora,Linux,3.5.3,11.0.26+4-LTS,com.github.fommil.netlib.F2jBLAS,local[4],5,1,False,Success,2.860752288,8,0,0,,0,independent-original-lp,3.040166539053523e-16,5.2101970087255425e-17,3.293143541059861e-09,17.855318755372842,2.484024083885866e-09,9.723222202997365e-13,1.6520532280831877e-13,3124517888,3948773376,driver process; combined with executors in local mode; includes validation,,primary-500-10-20-well-47-1e-08-4--cholesky/records.jsonl,,1709f570599d681310b8bc26d2c97537df3145f2bb3c41ccb85e9af4266ca90f,6
rerun-20260914-sparsity-and-conditioning,cfg-e57599231c883a6e,env-e6211d7d84b6,primary-5000-10-20-well-11-1e-08-4,5000,50000,100000,well,11,,20,,,7f805a52ac8daf3e8e45948acf12f402b9d141fd6e733771875a267965d4025d,cfg-7bf483fe07fa8b1f,com.github.vbmacher.spark_lp.CGBenchmark,CG,cg,,,1e-08,100,,1e-10,1000,1e-08,1e-08,268435456,8,1,4,4,core solve excluding independent validation,1,,c150dcaa9a783c63fc422d89a40d6daa77f19dc218c7f59971913ab43d4ab4ec,fedora,Linux,3.5.3,11.0.26+4-LTS,com.github.fommil.netlib.F2jBLAS,local[4],0,1,True,Success,21.337809268,9,307,0,,0,independent-original-lp,1.414626431122936e-10,5.32821946105825e-17,1.6795442522995796e-10,72.6678236511486,1.1573324791839356e-10,1.4279819955171178e-14,1.2244787611279106e-14,1993008256,3164946432,driver process; combined with executors in local mode; includes validation,,primary-5000-10-20-well-11-1e-08-4--cg/records.jsonl,,94f5e71aa6d7b01fd2e99be687431aaf680f86b8154affd276419edc87ec341c,1
rerun-20260914-sparsity-and-conditioning,cfg-e57599231c883a6e,env-e6211d7d84b6,primary-5000-10-20-well-11-1e-08-4,5000,50000,100000,well,11,,20,,,7f805a52ac8daf3e8e45948acf12f402b9d141fd6e733771875a267965d4025d,cfg-7bf483fe07fa8b1f,com.github.vbmacher.spark_lp.CGBenchmark,CG,cg,,,1e-08,100,,1e-10,1000,1e-08,1e-08,268435456,8,1,4,4,core solve excluding independent validation,1,,c150dcaa9a783c63fc422d89a40d6daa77f19dc218c7f59971913ab43d4ab4ec,fedora,Linux,3.5.3,11.0.26+4-LTS,com.github.fommil.netlib.F2jBLAS,local[4],1,1,False,Success,20.596648270000003,9,307,0,,0,independent-original-lp,1.414626431122936e-10,5.32821946105825e-17,1.6795442522995796e-10,72.6678236511486,1.1573324791839356e-10,1.4279819955171178e-14,1.2244787611279106e-14,2544668000,3638132736,driver process; combined with executors in local mode; includes validation,,primary-5000-10-20-well-11-1e-08-4--cg/records.jsonl,,94f5e71aa6d7b01fd2e99be687431aaf680f86b8154affd276419edc87ec341c,2
rerun-20260914-sparsity-and-conditioning,cfg-e57599231c883a6e,env-e6211d7d84b6,primary-5000-10-20-well-11-1e-08-4,5000,50000,100000,well,11,,20,,,7f805a52ac8daf3e8e45948acf12f402b9d141fd6e733771875a267965d4025d,cfg-7bf483fe07fa8b1f,com.github.vbmacher.spark_lp.CGBenchmark,CG,cg,,,1e-08,100,,1e-10,1000,1e-08,1e-08,268435456,8,1,4,4,core solve excluding independent validation,1,,c150dcaa9a783c63fc422d89a40d6daa77f19dc218c7f59971913ab43d4ab4ec,fedora,Linux,3.5.3,11.0.26+4-LTS,com.github.fommil.netlib.F2jBLAS,local[4],2,1,False,Success,22.776460934,9,307,0,,0,independent-original-lp,1.414626431122936e-10,5.32821946105825e-17,1.6795442522995796e-10,72.6678236511486,1.1573324791839356e-10,1.4279819955171178e-14,1.2244787611279106e-14,2942585800,3862544384,driver process; combined with executors in local mode; includes validation,,primary-5000-10-20-well-11-1e-08-4--cg/records.jsonl,,94f5e71aa6d7b01fd2e99be687431aaf680f86b8154affd276419edc87ec341c,3
rerun-20260914-sparsity-and-conditioning,cfg-e57599231c883a6e,env-e6211d7d84b6,primary-5000-10-20-well-11-1e-08-4,5000,50000,100000,well,11,,20,,,7f805a52ac8daf3e8e45948acf12f402b9d141fd6e733771875a267965d4025d,cfg-7bf483fe07fa8b1f,com.github.vbmacher.spark_lp.CGBenchmark,CG,cg,,,1e-08,100,,1e-10,1000,1e-08,1e-08,268435456,8,1,4,4,core solve excluding independent validation,1,,c150dcaa9a783c63fc422d89a40d6daa77f19dc218c7f59971913ab43d4ab4ec,fedora,Linux,3.5.3,11.0.26+4-LTS,com.github.fommil.netlib.F2jBLAS,local[4],3,1,False,Success,20.960373551,9,307,0,,0,independent-original-lp,1.414626431122936e-10,5.32821946105825e-17,1.6795442522995796e-10,72.6678236511486,1.1573324791839356e-10,1.4279819955171178e-14,1.2244787611279106e-14,2927884952,3923591168,driver process; combined with executors in local mode; includes validation,,primary-5000-10-20-well-11-1e-08-4--cg/records.jsonl,,94f5e71aa6d7b01fd2e99be687431aaf680f86b8154affd276419edc87ec341c,4
rerun-20260914-sparsity-and-conditioning,cfg-e57599231c883a6e,env-e6211d7d84b6,primary-5000-10-20-well-11-1e-08-4,5000,50000,100000,well,11,,20,,,7f805a52ac8daf3e8e45948acf12f402b9d141fd6e733771875a267965d4025d,cfg-7bf483fe07fa8b1f,com.github.vbmacher.spark_lp.CGBenchmark,CG,cg,,,1e-08,100,,1e-10,1000,1e-08,1e-08,268435456,8,1,4,4,core solve excluding independent validation,1,,c150dcaa9a783c63fc422d89a40d6daa77f19dc218c7f59971913ab43d4ab4ec,fedora,Linux,3.5.3,11.0.26+4-LTS,com.github.fommil.netlib.F2jBLAS,local[4],4,1,False,Success,11.724681653000001,9,307,0,,0,independent-original-lp,1.414626431122936e-10,5.32821946105825e-17,1.6795442522995796e-10,72.6678236511486,1.1573324791839356e-10,1.4279819955171178e-14,1.2244787611279106e-14,2923053248,4001955840,driver process; combined with executors in local mode; includes validation,,primary-5000-10-20-well-11-1e-08-4--cg/records.jsonl,,94f5e71aa6d7b01fd2e99be687431aaf680f86b8154affd276419edc87ec341c,5
rerun-20260914-sparsity-and-conditioning,cfg-e57599231c883a6e,env-e6211d7d84b6,primary-5000-10-20-well-11-1e-08-4,5000,50000,100000,well,11,,20,,,7f805a52ac8daf3e8e45948acf12f402b9d141fd6e733771875a267965d4025d,cfg-7bf483fe07fa8b1f,com.github.vbmacher.spark_lp.CGBenchmark,CG,cg,,,1e-08,100,,1e-10,1000,1e-08,1e-08,268435456,8,1,4,4,core solve excluding independent validation,1,,c150dcaa9a783c63fc422d89a40d6daa77f19dc218c7f59971913ab43d4ab4ec,fedora,Linux,3.5.3,11.0.26+4-LTS,com.github.fommil.netlib.F2jBLAS,local[4],5,1,False,Success,12.762502569,9,307,0,,0,independent-original-lp,1.414626431122936e-10,5.32821946105825e-17,1.6795442522995796e-10,72.6678236511486,1.1573324791839356e-10,1.4279819955171178e-14,1.2244787611279106e-14,2930223520,4017766400,driver process; combined with executors in local mode; includes validation,,primary-5000-10-20-well-11-1e-08-4--cg/records.jsonl,,94f5e71aa6d7b01fd2e99be687431aaf680f86b8154affd276419edc87ec341c,6
rerun-20260914-sparsity-and-conditioning,cfg-ccf9b49ed878ed68,env-e6211d7d84b6,primary-5000-10-20-well-11-1e-08-4,5000,50000,100000,well,11,,20,,,7f805a52ac8daf3e8e45948acf12f402b9d141fd6e733771875a267965d4025d,cfg-e9c4ad26e57bc1e8,com.github.vbmacher.spark_lp.CholeskyBenchmark,Cholesky,cholesky,,,1e-08,100,,1e-10,1000,0.0,0.0,268435456,8,1,4,4,core solve excluding independent validation,1,,c150dcaa9a783c63fc422d89a40d6daa77f19dc218c7f59971913ab43d4ab4ec,fedora,Linux,3.5.3,11.0.26+4-LTS,com.github.fommil.netlib.F2jBLAS,local[4],0,1,True,Success,196.189411977,9,0,0,,0,independent-original-lp,1.2836617798463823e-14,5.12815260622173e-17,1.3886558399539477e-10,72.66782364900553,8.664228473584476e-11,1.42798718556815e-14,1.2244769876672237e-14,2141644320,3472244736,driver process; combined with executors in local mode; includes validation,,primary-5000-10-20-well-11-1e-08-4--cholesky/records.jsonl,,48184253493eee41a92c6c9fdcaf036f3e8ef1738745a17e944623c327a77050,1
rerun-20260914-sparsity-and-conditioning,cfg-ccf9b49ed878ed68,env-e6211d7d84b6,primary-5000-10-20-well-11-1e-08-4,5000,50000,100000,well,11,,20,,,7f805a52ac8daf3e8e45948acf12f402b9d141fd6e733771875a267965d4025d,cfg-e9c4ad26e57bc1e8,com.github.vbmacher.spark_lp.CholeskyBenchmark,Cholesky,cholesky,,,1e-08,100,,1e-10,1000,0.0,0.0,268435456,8,1,4,4,core solve excluding independent validation,1,,c150dcaa9a783c63fc422d89a40d6daa77f19dc218c7f59971913ab43d4ab4ec,fedora,Linux,3.5.3,11.0.26+4-LTS,com.github.fommil.netlib.F2jBLAS,local[4],1,1,False,Success,195.091276056,9,0,0,,0,independent-original-lp,1.2836617798463823e-14,5.12815260622173e-17,1.3886558399539477e-10,72.66782364900553,8.664228473584476e-11,1.42798718556815e-14,1.2244769876672237e-14,2225601640,3793453056,driver process; combined with executors in local mode; includes validation,,primary-5000-10-20-well-11-1e-08-4--cholesky/records.jsonl,,48184253493eee41a92c6c9fdcaf036f3e8ef1738745a17e944623c327a77050,2
rerun-20260914-sparsity-and-conditioning,cfg-ccf9b49ed878ed68,env-e6211d7d84b6,primary-5000-10-20-well-11-1e-08-4,5000,50000,100000,well,11,,20,,,7f805a52ac8daf3e8e45948acf12f402b9d141fd6e733771875a267965d4025d,cfg-e9c4ad26e57bc1e8,com.github.vbmacher.spark_lp.CholeskyBenchmark,Cholesky,cholesky,,,1e-08,100,,1e-10,1000,0.0,0.0,268435456,8,1,4,4,core solve excluding independent validation,1,,c150dcaa9a783c63fc422d89a40d6daa77f19dc218c7f59971913ab43d4ab4ec,fedora,Linux,3.5.3,11.0.26+4-LTS,com.github.fommil.netlib.F2jBLAS,local[4],2,1,False,Success,194.98567556400002,9,0,0,,0,independent-original-lp,1.2836617798463823e-14,5.12815260622173e-17,1.3886558399539477e-10,72.66782364900553,8.664228473584476e-11,1.42798718556815e-14,1.2244769876672237e-14,2163293984,3834232832,driver process; combined with executors in local mode; includes validation,,primary-5000-10-20-well-11-1e-08-4--cholesky/records.jsonl,,48184253493eee41a92c6c9fdcaf036f3e8ef1738745a17e944623c327a77050,3
rerun-20260914-sparsity-and-conditioning,cfg-ccf9b49ed878ed68,env-e6211d7d84b6,primary-5000-10-20-well-11-1e-08-4,5000,50000,100000,well,11,,20,,,7f805a52ac8daf3e8e45948acf12f402b9d141fd6e733771875a267965d4025d,cfg-e9c4ad26e57bc1e8,com.github.vbmacher.spark_lp.CholeskyBenchmark,Cholesky,cholesky,,,1e-08,100,,1e-10,1000,0.0,0.0,268435456,8,1,4,4,core solve excluding independent validation,1,,c150dcaa9a783c63fc422d89a40d6daa77f19dc218c7f59971913ab43d4ab4ec,fedora,Linux,3.5.3,11.0.26+4-LTS,com.github.fommil.netlib.F2jBLAS,local[4],3,1,False,Success,194.578701809,9,0,0,,0,independent-original-lp,1.2836617798463823e-14,5.12815260622173e-17,1.3886558399539477e-10,72.66782364900553,8.664228473584476e-11,1.42798718556815e-14,1.2244769876672237e-14,2218221584,3969581056,driver process; combined with executors in local mode; includes validation,,primary-5000-10-20-well-11-1e-08-4--cholesky/records.jsonl,,48184253493eee41a92c6c9fdcaf036f3e8ef1738745a17e944623c327a77050,4
rerun-20260914-sparsity-and-conditioning,cfg-ccf9b49ed878ed68,env-e6211d7d84b6,primary-5000-10-20-well-11-1e-08-4,5000,50000,100000,well,11,,20,,,7f805a52ac8daf3e8e45948acf12f402b9d141fd6e733771875a267965d4025d,cfg-e9c4ad26e57bc1e8,com.github.vbmacher.spark_lp.CholeskyBenchmark,Cholesky,cholesky,,,1e-08,100,,1e-10,1000,0.0,0.0,268435456,8,1,4,4,core solve excluding independent validation,1,,c150dcaa9a783c63fc422d89a40d6daa77f19dc218c7f59971913ab43d4ab4ec,fedora,Linux,3.5.3,11.0.26+4-LTS,com.github.fommil.netlib.F2jBLAS,local[4],4,1,False,Success,196.57754454000002,9,0,0,,0,independent-original-lp,1.2836617798463823e-14,5.12815260622173e-17,1.3886558399539477e-10,72.66782364900553,8.664228473584476e-11,1.42798718556815e-14,1.2244769876672237e-14,2193683648,4000759808,driver process; combined with executors in local mode; includes validation,,primary-5000-10-20-well-11-1e-08-4--cholesky/records.jsonl,,48184253493eee41a92c6c9fdcaf036f3e8ef1738745a17e944623c327a77050,5
rerun-20260914-sparsity-and-conditioning,cfg-ccf9b49ed878ed68,env-e6211d7d84b6,primary-5000-10-20-well-11-1e-08-4,5000,50000,100000,well,11,,20,,,7f805a52ac8daf3e8e45948acf12f402b9d141fd6e733771875a267965d4025d,cfg-e9c4ad26e57bc1e8,com.github.vbmacher.spark_lp.CholeskyBenchmark,Cholesky,cholesky,,,1e-08,100,,1e-10,1000,0.0,0.0,268435456,8,1,4,4,core solve excluding independent validation,1,,c150dcaa9a783c63fc422d89a40d6daa77f19dc218c7f59971913ab43d4ab4ec,fedora,Linux,3.5.3,11.0.26+4-LTS,com.github.fommil.netlib.F2jBLAS,local[4],5,1,False,Success,194.796112542,9,0,0,,0,independent-original-lp,1.2836617798463823e-14,5.12815260622173e-17,1.3886558399539477e-10,72.66782364900553,8.664228473584476e-11,1.42798718556815e-14,1.2244769876672237e-14,2338513056,4240556032,driver process; combined with executors in local mode; includes validation,,primary-5000-10-20-well-11-1e-08-4--cholesky/records.jsonl,,48184253493eee41a92c6c9fdcaf036f3e8ef1738745a17e944623c327a77050,6
rerun-20260914-sparsity-and-conditioning,cfg-e57599231c883a6e,env-e6211d7d84b6,primary-5000-10-20-well-29-1e-08-4,5000,50000,100000,well,29,,20,,,d7cda27be310602029a153298c5e5513adca8bf0bf34df506111690b87b8570a,cfg-7bf483fe07fa8b1f,com.github.vbmacher.spark_lp.CGBenchmark,CG,cg,,,1e-08,100,,1e-10,1000,1e-08,1e-08,268435456,8,1,4,4,core solve excluding independent validation,1,,c150dcaa9a783c63fc422d89a40d6daa77f19dc218c7f59971913ab43d4ab4ec,fedora,Linux,3.5.3,11.0.26+4-LTS,com.github.fommil.netlib.F2jBLAS,local[4],0,1,True,Success,22.82264678,9,290,0,,0,independent-original-lp,4.159341195559998e-11,5.3022531242590954e-17,8.17711001216322e-11,-44.27678674812552,2.0709208234242564e-11,1.0561323818608146e-14,3.146044553224833e-15,3207954024,3957669888,driver process; combined with executors in local mode; includes validation,,primary-5000-10-20-well-29-1e-08-4--cg/records.jsonl,,c54cc8da05defb3ec1bbe605ef94f8c4d584625f71b9de3f2448cd4e4539ea8c,1
rerun-20260914-sparsity-and-conditioning,cfg-e57599231c883a6e,env-e6211d7d84b6,primary-5000-10-20-well-29-1e-08-4,5000,50000,100000,well,29,,20,,,d7cda27be310602029a153298c5e5513adca8bf0bf34df506111690b87b8570a,cfg-7bf483fe07fa8b1f,com.github.vbmacher.spark_lp.CGBenchmark,CG,cg,,,1e-08,100,,1e-10,1000,1e-08,1e-08,268435456,8,1,4,4,core solve excluding independent validation,1,,c150dcaa9a783c63fc422d89a40d6daa77f19dc218c7f59971913ab43d4ab4ec,fedora,Linux,3.5.3,11.0.26+4-LTS,com.github.fommil.netlib.F2jBLAS,local[4],1,1,False,Success,14.449257399,9,290,0,,0,independent-original-lp,4.159341195559998e-11,5.3022531242590954e-17,8.17711001216322e-11,-44.27678674812552,2.0709208234242564e-11,1.0561323818608146e-14,3.146044553224833e-15,2955821056,4114907136,driver process; combined with executors in local mode; includes validation,,primary-5000-10-20-well-29-1e-08-4--cg/records.jsonl,,c54cc8da05defb3ec1bbe605ef94f8c4d584625f71b9de3f2448cd4e4539ea8c,2
rerun-20260914-sparsity-and-conditioning,cfg-e57599231c883a6e,env-e6211d7d84b6,primary-5000-10-20-well-29-1e-08-4,5000,50000,100000,well,29,,20,,,d7cda27be310602029a153298c5e5513adca8bf0bf34df506111690b87b8570a,cfg-7bf483fe07fa8b1f,com.github.vbmacher.spark_lp.CGBenchmark,CG,cg,,,1e-08,100,,1e-10,1000,1e-08,1e-08,268435456,8,1,4,4,core solve excluding independent validation,1,,c150dcaa9a783c63fc422d89a40d6daa77f19dc218c7f59971913ab43d4ab4ec,fedora,Linux,3.5.3,11.0.26+4-LTS,com.github.fommil.netlib.F2jBLAS,local[4],2,1,False,Success,11.99441797,9,290,0,,0,independent-original-lp,4.159341195559998e-11,5.3022531242590954e-17,8.17711001216322e-11,-44.27678674812552,2.0709208234242564e-11,1.0561323818608146e-14,3.146044553224833e-15,2907614208,4132028416,driver process; combined with executors in local mode; includes validation,,primary-5000-10-20-well-29-1e-08-4--cg/records.jsonl,,c54cc8da05defb3ec1bbe605ef94f8c4d584625f71b9de3f2448cd4e4539ea8c,3
rerun-20260914-sparsity-and-conditioning,cfg-e57599231c883a6e,env-e6211d7d84b6,primary-5000-10-20-well-29-1e-08-4,5000,50000,100000,well,29,,20,,,d7cda27be310602029a153298c5e5513adca8bf0bf34df506111690b87b8570a,cfg-7bf483fe07fa8b1f,com.github.vbmacher.spark_lp.CGBenchmark,CG,cg,,,1e-08,100,,1e-10,1000,1e-08,1e-08,268435456,8,1,4,4,core solve excluding independent validation,1,,c150dcaa9a783c63fc422d89a40d6daa77f19dc218c7f59971913ab43d4ab4ec,fedora,Linux,3.5.3,11.0.26+4-LTS,com.github.fommil.netlib.F2jBLAS,local[4],3,1,False,Success,11.56545205,9,290,0,,0,independent-original-lp,4.159341195559998e-11,5.3022531242590954e-17,8.17711001216322e-11,-44.27678674812552,2.0709208234242564e-11,1.0561323818608146e-14,3.146044553224833e-15,2941693760,4164288512,driver process; combined with executors in local mode; includes validation,,primary-5000-10-20-well-29-1e-08-4--cg/records.jsonl,,c54cc8da05defb3ec1bbe605ef94f8c4d584625f71b9de3f2448cd4e4539ea8c,4
rerun-20260914-sparsity-and-conditioning,cfg-e57599231c883a6e,env-e6211d7d84b6,primary-5000-10-20-well-29-1e-08-4,5000,50000,100000,well,29,,20,,,d7cda27be310602029a153298c5e5513adca8bf0bf34df506111690b87b8570a,cfg-7bf483fe07fa8b1f,com.github.vbmacher.spark_lp.CGBenchmark,CG,cg,,,1e-08,100,,1e-10,1000,1e-08,1e-08,268435456,8,1,4,4,core solve excluding independent validation,1,,c150dcaa9a783c63fc422d89a40d6daa77f19dc218c7f59971913ab43d4ab4ec,fedora,Linux,3.5.3,11.0.26+4-LTS,com.github.fommil.netlib.F2jBLAS,local[4],4,1,False,Success,17.687760485,9,290,0,,0,independent-original-lp,4.159341195559998e-11,5.3022531242590954e-17,8.17711001216322e-11,-44.27678674812552,2.0709208234242564e-11,1.0561323818608146e-14,3.146044553224833e-15,3051573552,4186521600,driver process; combined with executors in local mode; includes validation,,primary-5000-10-20-well-29-1e-08-4--cg/records.jsonl,,c54cc8da05defb3ec1bbe605ef94f8c4d584625f71b9de3f2448cd4e4539ea8c,5
rerun-20260914-sparsity-and-conditioning,cfg-e57599231c883a6e,env-e6211d7d84b6,primary-5000-10-20-well-29-1e-08-4,5000,50000,100000,well,29,,20,,,d7cda27be310602029a153298c5e5513adca8bf0bf34df506111690b87b8570a,cfg-7bf483fe07fa8b1f,com.github.vbmacher.spark_lp.CGBenchmark,CG,cg,,,1e-08,100,,1e-10,1000,1e-08,1e-08,268435456,8,1,4,4,core solve excluding independent validation,1,,c150dcaa9a783c63fc422d89a40d6daa77f19dc218c7f59971913ab43d4ab4ec,fedora,Linux,3.5.3,11.0.26+4-LTS,com.github.fommil.netlib.F2jBLAS,local[4],5,1,False,Success,22.596096758999998,9,290,0,,0,independent-original-lp,4.159341195559998e-11,5.3022531242590954e-17,8.17711001216322e-11,-44.27678674812552,2.0709208234242564e-11,1.0561323818608146e-14,3.146044553224833e-15,2959637952,4213538816,driver process; combined with executors in local mode; includes validation,,primary-5000-10-20-well-29-1e-08-4--cg/records.jsonl,,c54cc8da05defb3ec1bbe605ef94f8c4d584625f71b9de3f2448cd4e4539ea8c,6
rerun-20260914-sparsity-and-conditioning,cfg-ccf9b49ed878ed68,env-e6211d7d84b6,primary-5000-10-20-well-29-1e-08-4,5000,50000,100000,well,29,,20,,,d7cda27be310602029a153298c5e5513adca8bf0bf34df506111690b87b8570a,cfg-e9c4ad26e57bc1e8,com.github.vbmacher.spark_lp.CholeskyBenchmark,Cholesky,cholesky,,,1e-08,100,,1e-10,1000,0.0,0.0,268435456,8,1,4,4,core solve excluding independent validation,1,,c150dcaa9a783c63fc422d89a40d6daa77f19dc218c7f59971913ab43d4ab4ec,fedora,Linux,3.5.3,11.0.26+4-LTS,com.github.fommil.netlib.F2jBLAS,local[4],0,1,True,Success,197.02354081,9,0,0,,0,independent-original-lp,1.8037677438251e-16,5.2381849624019463e-17,1.1348147692086394e-10,-44.27678674668983,5.2418329570459665e-11,1.0561314627467497e-14,3.1460283748541935e-15,2265308640,3639623680,driver process; combined with executors in local mode; includes validation,,primary-5000-10-20-well-29-1e-08-4--cholesky/records.jsonl,,f28cbe6daeef5b052eefab2f3a290cdf26867eec7b993253ba0fb469a0d2d600,1
rerun-20260914-sparsity-and-conditioning,cfg-ccf9b49ed878ed68,env-e6211d7d84b6,primary-5000-10-20-well-29-1e-08-4,5000,50000,100000,well,29,,20,,,d7cda27be310602029a153298c5e5513adca8bf0bf34df506111690b87b8570a,cfg-e9c4ad26e57bc1e8,com.github.vbmacher.spark_lp.CholeskyBenchmark,Cholesky,cholesky,,,1e-08,100,,1e-10,1000,0.0,0.0,268435456,8,1,4,4,core solve excluding independent validation,1,,c150dcaa9a783c63fc422d89a40d6daa77f19dc218c7f59971913ab43d4ab4ec,fedora,Linux,3.5.3,11.0.26+4-LTS,com.github.fommil.netlib.F2jBLAS,local[4],1,1,False,Success,195.085696188,9,0,0,,0,independent-original-lp,1.8037677438251e-16,5.2381849624019463e-17,1.1348147692086394e-10,-44.27678674668983,5.2418329570459665e-11,1.0561314627467497e-14,3.1460283748541935e-15,2095719608,3841998848,driver process; combined with executors in local mode; includes validation,,primary-5000-10-20-well-29-1e-08-4--cholesky/records.jsonl,,f28cbe6daeef5b052eefab2f3a290cdf26867eec7b993253ba0fb469a0d2d600,2
rerun-20260914-sparsity-and-conditioning,cfg-ccf9b49ed878ed68,env-e6211d7d84b6,primary-5000-10-20-well-29-1e-08-4,5000,50000,100000,well,29,,20,,,d7cda27be310602029a153298c5e5513adca8bf0bf34df506111690b87b8570a,cfg-e9c4ad26e57bc1e8,com.github.vbmacher.spark_lp.CholeskyBenchmark,Cholesky,cholesky,,,1e-08,100,,1e-10,1000,0.0,0.0,268435456,8,1,4,4,core solve excluding independent validation,1,,c150dcaa9a783c63fc422d89a40d6daa77f19dc218c7f59971913ab43d4ab4ec,fedora,Linux,3.5.3,11.0.26+4-LTS,com.github.fommil.netlib.F2jBLAS,local[4],2,1,False,Success,195.255280809,9,0,0,,0,independent-original-lp,1.8037677438251e-16,5.2381849624019463e-17,1.1348147692086394e-10,-44.27678674668983,5.2418329570459665e-11,1.0561314627467497e-14,3.1460283748541935e-15,2135855520,3868803072,driver process; combined with executors in local mode; includes validation,,primary-5000-10-20-well-29-1e-08-4--cholesky/records.jsonl,,f28cbe6daeef5b052eefab2f3a290cdf26867eec7b993253ba0fb469a0d2d600,3
rerun-20260914-sparsity-and-conditioning,cfg-ccf9b49ed878ed68,env-e6211d7d84b6,primary-5000-10-20-well-29-1e-08-4,5000,50000,100000,well,29,,20,,,d7cda27be310602029a153298c5e5513adca8bf0bf34df506111690b87b8570a,cfg-e9c4ad26e57bc1e8,com.github.vbmacher.spark_lp.CholeskyBenchmark,Cholesky,cholesky,,,1e-08,100,,1e-10,1000,0.0,0.0,268435456,8,1,4,4,core solve excluding independent validation,1,,c150dcaa9a783c63fc422d89a40d6daa77f19dc218c7f59971913ab43d4ab4ec,fedora,Linux,3.5.3,11.0.26+4-LTS,com.github.fommil.netlib.F2jBLAS,local[4],3,1,False,Success,194.74427418000002,9,0,0,,0,independent-original-lp,1.8037677438251e-16,5.2381849624019463e-17,1.1348147692086394e-10,-44.27678674668983,5.2418329570459665e-11,1.0561314627467497e-14,3.1460283748541935e-15,2236147776,3892789248,driver process; combined with executors in local mode; includes validation,,primary-5000-10-20-well-29-1e-08-4--cholesky/records.jsonl,,f28cbe6daeef5b052eefab2f3a290cdf26867eec7b993253ba0fb469a0d2d600,4
rerun-20260914-sparsity-and-conditioning,cfg-ccf9b49ed878ed68,env-e6211d7d84b6,primary-5000-10-20-well-29-1e-08-4,5000,50000,100000,well,29,,20,,,d7cda27be310602029a153298c5e5513adca8bf0bf34df506111690b87b8570a,cfg-e9c4ad26e57bc1e8,com.github.vbmacher.spark_lp.CholeskyBenchmark,Cholesky,cholesky,,,1e-08,100,,1e-10,1000,0.0,0.0,268435456,8,1,4,4,core solve excluding independent validation,1,,c150dcaa9a783c63fc422d89a40d6daa77f19dc218c7f59971913ab43d4ab4ec,fedora,Linux,3.5.3,11.0.26+4-LTS,com.github.fommil.netlib.F2jBLAS,local[4],4,1,False,Success,194.638460813,9,0,0,,0,independent-original-lp,1.8037677438251e-16,5.2381849624019463e-17,1.1348147692086394e-10,-44.27678674668983,5.2418329570459665e-11,1.0561314627467497e-14,3.1460283748541935e-15,2193064032,3908665344,driver process; combined with executors in local mode; includes validation,,primary-5000-10-20-well-29-1e-08-4--cholesky/records.jsonl,,f28cbe6daeef5b052eefab2f3a290cdf26867eec7b993253ba0fb469a0d2d600,5
rerun-20260914-sparsity-and-conditioning,cfg-ccf9b49ed878ed68,env-e6211d7d84b6,primary-5000-10-20-well-29-1e-08-4,5000,50000,100000,well,29,,20,,,d7cda27be310602029a153298c5e5513adca8bf0bf34df506111690b87b8570a,cfg-e9c4ad26e57bc1e8,com.github.vbmacher.spark_lp.CholeskyBenchmark,Cholesky,cholesky,,,1e-08,100,,1e-10,1000,0.0,0.0,268435456,8,1,4,4,core solve excluding independent validation,1,,c150dcaa9a783c63fc422d89a40d6daa77f19dc218c7f59971913ab43d4ab4ec,fedora,Linux,3.5.3,11.0.26+4-LTS,com.github.fommil.netlib.F2jBLAS,local[4],5,1,False,Success,195.642129284,9,0,0,,0,independent-original-lp,1.8037677438251e-16,5.2381849624019463e-17,1.1348147692086394e-10,-44.27678674668983,5.2418329570459665e-11,1.0561314627467497e-14,3.1460283748541935e-15,2127850816,4015276032,driver process; combined with executors in local mode; includes validation,,primary-5000-10-20-well-29-1e-08-4--cholesky/records.jsonl,,f28cbe6daeef5b052eefab2f3a290cdf26867eec7b993253ba0fb469a0d2d600,6
rerun-20260914-sparsity-and-conditioning,cfg-e57599231c883a6e,env-e6211d7d84b6,primary-5000-10-20-well-47-1e-08-4,5000,50000,100000,well,47,,20,,,3386e20e88305fefafd2f6ffca690a63ad7159327756017d8818d8bb7e739d5d,cfg-7bf483fe07fa8b1f,com.github.vbmacher.spark_lp.CGBenchmark,CG,cg,,,1e-08,100,,1e-10,1000,1e-08,1e-08,268435456,8,1,4,4,core solve excluding independent validation,1,,c150dcaa9a783c63fc422d89a40d6daa77f19dc218c7f59971913ab43d4ab4ec,fedora,Linux,3.5.3,11.0.26+4-LTS,com.github.fommil.netlib.F2jBLAS,local[4],0,1,True,Success,22.356530623,9,302,0,,0,independent-original-lp,5.187766757042467e-10,6.696944573111383e-17,7.794703400520065e-10,82.3558234509167,7.270953632902521e-10,4.200602102714759e-14,6.617533700046095e-14,2968552136,3827187712,driver process; combined with executors in local mode; includes validation,,primary-5000-10-20-well-47-1e-08-4--cg/records.jsonl,,a40a203eb282adc08aea8897b2946d6b674375c9e3a0fbd3c7e3f4ef2c66a731,1
rerun-20260914-sparsity-and-conditioning,cfg-e57599231c883a6e,env-e6211d7d84b6,primary-5000-10-20-well-47-1e-08-4,5000,50000,100000,well,47,,20,,,3386e20e88305fefafd2f6ffca690a63ad7159327756017d8818d8bb7e739d5d,cfg-7bf483fe07fa8b1f,com.github.vbmacher.spark_lp.CGBenchmark,CG,cg,,,1e-08,100,,1e-10,1000,1e-08,1e-08,268435456,8,1,4,4,core solve excluding independent validation,1,,c150dcaa9a783c63fc422d89a40d6daa77f19dc218c7f59971913ab43d4ab4ec,fedora,Linux,3.5.3,11.0.26+4-LTS,com.github.fommil.netlib.F2jBLAS,local[4],1,1,False,Success,19.174213495,9,302,0,,0,independent-original-lp,5.187766757042467e-10,6.696944573111383e-17,7.794703400520065e-10,82.3558234509167,7.270953632902521e-10,4.200602102714759e-14,6.617533700046095e-14,2807790864,4308434944,driver process; combined with executors in local mode; includes validation,,primary-5000-10-20-well-47-1e-08-4--cg/records.jsonl,,a40a203eb282adc08aea8897b2946d6b674375c9e3a0fbd3c7e3f4ef2c66a731,2
rerun-20260914-sparsity-and-conditioning,cfg-e57599231c883a6e,env-e6211d7d84b6,primary-5000-10-20-well-47-1e-08-4,5000,50000,100000,well,47,,20,,,3386e20e88305fefafd2f6ffca690a63ad7159327756017d8818d8bb7e739d5d,cfg-7bf483fe07fa8b1f,com.github.vbmacher.spark_lp.CGBenchmark,CG,cg,,,1e-08,100,,1e-10,1000,1e-08,1e-08,268435456,8,1,4,4,core solve excluding independent validation,1,,c150dcaa9a783c63fc422d89a40d6daa77f19dc218c7f59971913ab43d4ab4ec,fedora,Linux,3.5.3,11.0.26+4-LTS,com.github.fommil.netlib.F2jBLAS,local[4],2,1,False,Success,11.446447028,9,302,0,,0,independent-original-lp,5.187766757042467e-10,6.696944573111383e-17,7.794703400520065e-10,82.3558234509167,7.270953632902521e-10,4.200602102714759e-14,6.617533700046095e-14,2928077704,4458053632,driver process; combined with executors in local mode; includes validation,,primary-5000-10-20-well-47-1e-08-4--cg/records.jsonl,,a40a203eb282adc08aea8897b2946d6b674375c9e3a0fbd3c7e3f4ef2c66a731,3
rerun-20260914-sparsity-and-conditioning,cfg-e57599231c883a6e,env-e6211d7d84b6,primary-5000-10-20-well-47-1e-08-4,5000,50000,100000,well,47,,20,,,3386e20e88305fefafd2f6ffca690a63ad7159327756017d8818d8bb7e739d5d,cfg-7bf483fe07fa8b1f,com.github.vbmacher.spark_lp.CGBenchmark,CG,cg,,,1e-08,100,,1e-10,1000,1e-08,1e-08,268435456,8,1,4,4,core solve excluding independent validation,1,,c150dcaa9a783c63fc422d89a40d6daa77f19dc218c7f59971913ab43d4ab4ec,fedora,Linux,3.5.3,11.0.26+4-LTS,com.github.fommil.netlib.F2jBLAS,local[4],3,1,False,Success,12.610422741,9,302,0,,0,independent-original-lp,5.187766757042467e-10,6.696944573111383e-17,7.794703400520065e-10,82.3558234509167,7.270953632902521e-10,4.200602102714759e-14,6.617533700046095e-14,2956380256,4487839744,driver process; combined with executors in local mode; includes validation,,primary-5000-10-20-well-47-1e-08-4--cg/records.jsonl,,a40a203eb282adc08aea8897b2946d6b674375c9e3a0fbd3c7e3f4ef2c66a731,4
rerun-20260914-sparsity-and-conditioning,cfg-e57599231c883a6e,env-e6211d7d84b6,primary-5000-10-20-well-47-1e-08-4,5000,50000,100000,well,47,,20,,,3386e20e88305fefafd2f6ffca690a63ad7159327756017d8818d8bb7e739d5d,cfg-7bf483fe07fa8b1f,com.github.vbmacher.spark_lp.CGBenchmark,CG,cg,,,1e-08,100,,1e-10,1000,1e-08,1e-08,268435456,8,1,4,4,core solve excluding independent validation,1,,c150dcaa9a783c63fc422d89a40d6daa77f19dc218c7f59971913ab43d4ab4ec,fedora,Linux,3.5.3,11.0.26+4-LTS,com.github.fommil.netlib.F2jBLAS,local[4],4,1,False,Success,11.904768832,9,302,0,,0,independent-original-lp,5.187766757042467e-10,6.696944573111383e-17,7.794703400520065e-10,82.3558234509167,7.270953632902521e-10,4.200602102714759e-14,6.617533700046095e-14,2933753184,4532125696,driver process; combined with executors in local mode; includes validation,,primary-5000-10-20-well-47-1e-08-4--cg/records.jsonl,,a40a203eb282adc08aea8897b2946d6b674375c9e3a0fbd3c7e3f4ef2c66a731,5
rerun-20260914-sparsity-and-conditioning,cfg-e57599231c883a6e,env-e6211d7d84b6,primary-5000-10-20-well-47-1e-08-4,5000,50000,100000,well,47,,20,,,3386e20e88305fefafd2f6ffca690a63ad7159327756017d8818d8bb7e739d5d,cfg-7bf483fe07fa8b1f,com.github.vbmacher.spark_lp.CGBenchmark,CG,cg,,,1e-08,100,,1e-10,1000,1e-08,1e-08,268435456,8,1,4,4,core solve excluding independent validation,1,,c150dcaa9a783c63fc422d89a40d6daa77f19dc218c7f59971913ab43d4ab4ec,fedora,Linux,3.5.3,11.0.26+4-LTS,com.github.fommil.netlib.F2jBLAS,local[4],5,1,False,Success,20.507731222,9,302,0,,0,independent-original-lp,5.187766757042467e-10,6.696944573111383e-17,7.794703400520065e-10,82.3558234509167,7.270953632902521e-10,4.200602102714759e-14,6.617533700046095e-14,2933317120,4544446464,driver process; combined with executors in local mode; includes validation,,primary-5000-10-20-well-47-1e-08-4--cg/records.jsonl,,a40a203eb282adc08aea8897b2946d6b674375c9e3a0fbd3c7e3f4ef2c66a731,6
rerun-20260914-sparsity-and-conditioning,cfg-ccf9b49ed878ed68,env-e6211d7d84b6,primary-5000-10-20-well-47-1e-08-4,5000,50000,100000,well,47,,20,,,3386e20e88305fefafd2f6ffca690a63ad7159327756017d8818d8bb7e739d5d,cfg-e9c4ad26e57bc1e8,com.github.vbmacher.spark_lp.CholeskyBenchmark,Cholesky,cholesky,,,1e-08,100,,1e-10,1000,0.0,0.0,268435456,8,1,4,4,core solve excluding independent validation,1,,c150dcaa9a783c63fc422d89a40d6daa77f19dc218c7f59971913ab43d4ab4ec,fedora,Linux,3.5.3,11.0.26+4-LTS,com.github.fommil.netlib.F2jBLAS,local[4],0,1,True,Success,196.5952002,9,0,0,,0,independent-original-lp,2.8697005907363234e-14,5.0923560773280844e-17,3.3800956779605667e-10,82.35582341411788,2.8562862410880564e-10,4.2006037767616044e-14,6.617562176438874e-14,2229560080,4244209664,driver process; combined with executors in local mode; includes validation,,primary-5000-10-20-well-47-1e-08-4--cholesky/records.jsonl,,600d0ad05230aa7309263cfa92f1025978b2894f4ddb8a495f57471688a4c48c,1
rerun-20260914-sparsity-and-conditioning,cfg-ccf9b49ed878ed68,env-e6211d7d84b6,primary-5000-10-20-well-47-1e-08-4,5000,50000,100000,well,47,,20,,,3386e20e88305fefafd2f6ffca690a63ad7159327756017d8818d8bb7e739d5d,cfg-e9c4ad26e57bc1e8,com.github.vbmacher.spark_lp.CholeskyBenchmark,Cholesky,cholesky,,,1e-08,100,,1e-10,1000,0.0,0.0,268435456,8,1,4,4,core solve excluding independent validation,1,,c150dcaa9a783c63fc422d89a40d6daa77f19dc218c7f59971913ab43d4ab4ec,fedora,Linux,3.5.3,11.0.26+4-LTS,com.github.fommil.netlib.F2jBLAS,local[4],1,1,False,Success,195.558294311,9,0,0,,0,independent-original-lp,2.8697005907363234e-14,5.0923560773280844e-17,3.3800956779605667e-10,82.35582341411788,2.8562862410880564e-10,4.2006037767616044e-14,6.617562176438874e-14,2117167232,4474470400,driver process; combined with executors in local mode; includes validation,,primary-5000-10-20-well-47-1e-08-4--cholesky/records.jsonl,,600d0ad05230aa7309263cfa92f1025978b2894f4ddb8a495f57471688a4c48c,2
rerun-20260914-sparsity-and-conditioning,cfg-ccf9b49ed878ed68,env-e6211d7d84b6,primary-5000-10-20-well-47-1e-08-4,5000,50000,100000,well,47,,20,,,3386e20e88305fefafd2f6ffca690a63ad7159327756017d8818d8bb7e739d5d,cfg-e9c4ad26e57bc1e8,com.github.vbmacher.spark_lp.CholeskyBenchmark,Cholesky,cholesky,,,1e-08,100,,1e-10,1000,0.0,0.0,268435456,8,1,4,4,core solve excluding independent validation,1,,c150dcaa9a783c63fc422d89a40d6daa77f19dc218c7f59971913ab43d4ab4ec,fedora,Linux,3.5.3,11.0.26+4-LTS,com.github.fommil.netlib.F2jBLAS,local[4],2,1,False,Success,195.300505224,9,0,0,,0,independent-original-lp,2.8697005907363234e-14,5.0923560773280844e-17,3.3800956779605667e-10,82.35582341411788,2.8562862410880564e-10,4.2006037767616044e-14,6.617562176438874e-14,2145395696,4506140672,driver process; combined with executors in local mode; includes validation,,primary-5000-10-20-well-47-1e-08-4--cholesky/records.jsonl,,600d0ad05230aa7309263cfa92f1025978b2894f4ddb8a495f57471688a4c48c,3
rerun-20260914-sparsity-and-conditioning,cfg-ccf9b49ed878ed68,env-e6211d7d84b6,primary-5000-10-20-well-47-1e-08-4,5000,50000,100000,well,47,,20,,,3386e20e88305fefafd2f6ffca690a63ad7159327756017d8818d8bb7e739d5d,cfg-e9c4ad26e57bc1e8,com.github.vbmacher.spark_lp.CholeskyBenchmark,Cholesky,cholesky,,,1e-08,100,,1e-10,1000,0.0,0.0,268435456,8,1,4,4,core solve excluding independent validation,1,,c150dcaa9a783c63fc422d89a40d6daa77f19dc218c7f59971913ab43d4ab4ec,fedora,Linux,3.5.3,11.0.26+4-LTS,com.github.fommil.netlib.F2jBLAS,local[4],3,1,False,Success,195.45196462299998,9,0,0,,0,independent-original-lp,2.8697005907363234e-14,5.0923560773280844e-17,3.3800956779605667e-10,82.35582341411788,2.8562862410880564e-10,4.2006037767616044e-14,6.617562176438874e-14,2104320592,4615110656,driver process; combined with executors in local mode; includes validation,,primary-5000-10-20-well-47-1e-08-4--cholesky/records.jsonl,,600d0ad05230aa7309263cfa92f1025978b2894f4ddb8a495f57471688a4c48c,4
rerun-20260914-sparsity-and-conditioning,cfg-ccf9b49ed878ed68,env-e6211d7d84b6,primary-5000-10-20-well-47-1e-08-4,5000,50000,100000,well,47,,20,,,3386e20e88305fefafd2f6ffca690a63ad7159327756017d8818d8bb7e739d5d,cfg-e9c4ad26e57bc1e8,com.github.vbmacher.spark_lp.CholeskyBenchmark,Cholesky,cholesky,,,1e-08,100,,1e-10,1000,0.0,0.0,268435456,8,1,4,4,core solve excluding independent validation,1,,c150dcaa9a783c63fc422d89a40d6daa77f19dc218c7f59971913ab43d4ab4ec,fedora,Linux,3.5.3,11.0.26+4-LTS,com.github.fommil.netlib.F2jBLAS,local[4],4,1,False,Success,194.12286679800002,9,0,0,,0,independent-original-lp,2.8697005907363234e-14,5.0923560773280844e-17,3.3800956779605667e-10,82.35582341411788,2.8562862410880564e-10,4.2006037767616044e-14,6.617562176438874e-14,2174076184,4827693056,driver process; combined with executors in local mode; includes validation,,primary-5000-10-20-well-47-1e-08-4--cholesky/records.jsonl,,600d0ad05230aa7309263cfa92f1025978b2894f4ddb8a495f57471688a4c48c,5
rerun-20260914-sparsity-and-conditioning,cfg-ccf9b49ed878ed68,env-e6211d7d84b6,primary-5000-10-20-well-47-1e-08-4,5000,50000,100000,well,47,,20,,,3386e20e88305fefafd2f6ffca690a63ad7159327756017d8818d8bb7e739d5d,cfg-e9c4ad26e57bc1e8,com.github.vbmacher.spark_lp.CholeskyBenchmark,Cholesky,cholesky,,,1e-08,100,,1e-10,1000,0.0,0.0,268435456,8,1,4,4,core solve excluding independent validation,1,,c150dcaa9a783c63fc422d89a40d6daa77f19dc218c7f59971913ab43d4ab4ec,fedora,Linux,3.5.3,11.0.26+4-LTS,com.github.fommil.netlib.F2jBLAS,local[4],5,1,False,Success,194.770328434,9,0,0,,0,independent-original-lp,2.8697005907363234e-14,5.0923560773280844e-17,3.3800956779605667e-10,82.35582341411788,2.8562862410880564e-10,4.2006037767616044e-14,6.617562176438874e-14,2319632632,4852072448,driver process; combined with executors in local mode; includes validation,,primary-5000-10-20-well-47-1e-08-4--cholesky/records.jsonl,,600d0ad05230aa7309263cfa92f1025978b2894f4ddb8a495f57471688a4c48c,6
rerun-20260914-sparsity-and-conditioning,cfg-e57599231c883a6e,env-e6211d7d84b6,primary-6000-10-20-well-11-1e-08-4,6000,60000,120000,well,11,,20,,,a5c1b22a14131de84272c6af720e38dfad703f41fad2348be86672f5e6042342,cfg-7bf483fe07fa8b1f,com.github.vbmacher.spark_lp.CGBenchmark,CG,cg,,,1e-08,100,,1e-10,1000,1e-08,1e-08,268435456,8,1,4,4,core solve excluding independent validation,1,,c150dcaa9a783c63fc422d89a40d6daa77f19dc218c7f59971913ab43d4ab4ec,fedora,Linux,3.5.3,11.0.26+4-LTS,com.github.fommil.netlib.F2jBLAS,local[4],0,1,True,Success,21.471056360000002,9,301,0,,0,independent-original-lp,6.120137392919206e-10,5.903407983671824e-17,6.061153553174874e-10,87.28119197030605,4.5956861899421264e-10,2.2506839994702936e-14,6.314564653409103e-14,3547528144,4477419520,driver process; combined with executors in local mode; includes validation,,primary-6000-10-20-well-11-1e-08-4--cg/records.jsonl,,5cbc7c4000daa1c9d2d5ab0ea8c603e67f5f2a62104b6e81f7ba1b25fcb24454,1
rerun-20260914-sparsity-and-conditioning,cfg-e57599231c883a6e,env-e6211d7d84b6,primary-6000-10-20-well-11-1e-08-4,6000,60000,120000,well,11,,20,,,a5c1b22a14131de84272c6af720e38dfad703f41fad2348be86672f5e6042342,cfg-7bf483fe07fa8b1f,com.github.vbmacher.spark_lp.CGBenchmark,CG,cg,,,1e-08,100,,1e-10,1000,1e-08,1e-08,268435456,8,1,4,4,core solve excluding independent validation,1,,c150dcaa9a783c63fc422d89a40d6daa77f19dc218c7f59971913ab43d4ab4ec,fedora,Linux,3.5.3,11.0.26+4-LTS,com.github.fommil.netlib.F2jBLAS,local[4],1,1,False,Success,14.837637346000001,9,301,0,,0,independent-original-lp,6.120137392919206e-10,5.903407983671824e-17,6.061153553174874e-10,87.28119197030605,4.5956861899421264e-10,2.2506839994702936e-14,6.314564653409103e-14,3586305536,4565532672,driver process; combined with executors in local mode; includes validation,,primary-6000-10-20-well-11-1e-08-4--cg/records.jsonl,,5cbc7c4000daa1c9d2d5ab0ea8c603e67f5f2a62104b6e81f7ba1b25fcb24454,2
rerun-20260914-sparsity-and-conditioning,cfg-e57599231c883a6e,env-e6211d7d84b6,primary-6000-10-20-well-11-1e-08-4,6000,60000,120000,well,11,,20,,,a5c1b22a14131de84272c6af720e38dfad703f41fad2348be86672f5e6042342,cfg-7bf483fe07fa8b1f,com.github.vbmacher.spark_lp.CGBenchmark,CG,cg,,,1e-08,100,,1e-10,1000,1e-08,1e-08,268435456,8,1,4,4,core solve excluding independent validation,1,,c150dcaa9a783c63fc422d89a40d6daa77f19dc218c7f59971913ab43d4ab4ec,fedora,Linux,3.5.3,11.0.26+4-LTS,com.github.fommil.netlib.F2jBLAS,local[4],2,1,False,Success,17.996321581,9,301,0,,0,independent-original-lp,6.120137392919206e-10,5.903407983671824e-17,6.061153553174874e-10,87.28119197030605,4.5956861899421264e-10,2.2506839994702936e-14,6.314564653409103e-14,3307927552,4586192896,driver process; combined with executors in local mode; includes validation,,primary-6000-10-20-well-11-1e-08-4--cg/records.jsonl,,5cbc7c4000daa1c9d2d5ab0ea8c603e67f5f2a62104b6e81f7ba1b25fcb24454,3
rerun-20260914-sparsity-and-conditioning,cfg-e57599231c883a6e,env-e6211d7d84b6,primary-6000-10-20-well-11-1e-08-4,6000,60000,120000,well,11,,20,,,a5c1b22a14131de84272c6af720e38dfad703f41fad2348be86672f5e6042342,cfg-7bf483fe07fa8b1f,com.github.vbmacher.spark_lp.CGBenchmark,CG,cg,,,1e-08,100,,1e-10,1000,1e-08,1e-08,268435456,8,1,4,4,core solve excluding independent validation,1,,c150dcaa9a783c63fc422d89a40d6daa77f19dc218c7f59971913ab43d4ab4ec,fedora,Linux,3.5.3,11.0.26+4-LTS,com.github.fommil.netlib.F2jBLAS,local[4],3,1,False,Success,13.776724701000001,9,301,0,,0,independent-original-lp,6.120137392919206e-10,5.903407983671824e-17,6.061153553174874e-10,87.28119197030605,4.5956861899421264e-10,2.2506839994702936e-14,6.314564653409103e-14,3329143760,4598153216,driver process; combined with executors in local mode; includes validation,,primary-6000-10-20-well-11-1e-08-4--cg/records.jsonl,,5cbc7c4000daa1c9d2d5ab0ea8c603e67f5f2a62104b6e81f7ba1b25fcb24454,4
rerun-20260914-sparsity-and-conditioning,cfg-e57599231c883a6e,env-e6211d7d84b6,primary-6000-10-20-well-11-1e-08-4,6000,60000,120000,well,11,,20,,,a5c1b22a14131de84272c6af720e38dfad703f41fad2348be86672f5e6042342,cfg-7bf483fe07fa8b1f,com.github.vbmacher.spark_lp.CGBenchmark,CG,cg,,,1e-08,100,,1e-10,1000,1e-08,1e-08,268435456,8,1,4,4,core solve excluding independent validation,1,,c150dcaa9a783c63fc422d89a40d6daa77f19dc218c7f59971913ab43d4ab4ec,fedora,Linux,3.5.3,11.0.26+4-LTS,com.github.fommil.netlib.F2jBLAS,local[4],4,1,False,Success,12.266645381,9,301,0,,0,independent-original-lp,6.120137392919206e-10,5.903407983671824e-17,6.061153553174874e-10,87.28119197030605,4.5956861899421264e-10,2.2506839994702936e-14,6.314564653409103e-14,3266957824,4602216448,driver process; combined with executors in local mode; includes validation,,primary-6000-10-20-well-11-1e-08-4--cg/records.jsonl,,5cbc7c4000daa1c9d2d5ab0ea8c603e67f5f2a62104b6e81f7ba1b25fcb24454,5
rerun-20260914-sparsity-and-conditioning,cfg-e57599231c883a6e,env-e6211d7d84b6,primary-6000-10-20-well-11-1e-08-4,6000,60000,120000,well,11,,20,,,a5c1b22a14131de84272c6af720e38dfad703f41fad2348be86672f5e6042342,cfg-7bf483fe07fa8b1f,com.github.vbmacher.spark_lp.CGBenchmark,CG,cg,,,1e-08,100,,1e-10,1000,1e-08,1e-08,268435456,8,1,4,4,core solve excluding independent validation,1,,c150dcaa9a783c63fc422d89a40d6daa77f19dc218c7f59971913ab43d4ab4ec,fedora,Linux,3.5.3,11.0.26+4-LTS,com.github.fommil.netlib.F2jBLAS,local[4],5,1,False,Success,18.608706135,9,301,0,,0,independent-original-lp,6.120137392919206e-10,5.903407983671824e-17,6.061153553174874e-10,87.28119197030605,4.5956861899421264e-10,2.2506839994702936e-14,6.314564653409103e-14,3295906256,4627169280,driver process; combined with executors in local mode; includes validation,,primary-6000-10-20-well-11-1e-08-4--cg/records.jsonl,,5cbc7c4000daa1c9d2d5ab0ea8c603e67f5f2a62104b6e81f7ba1b25fcb24454,6
rerun-20260914-sparsity-and-conditioning,cfg-ccf9b49ed878ed68,env-e6211d7d84b6,primary-6000-10-20-well-11-1e-08-4,6000,60000,120000,well,11,,20,,,a5c1b22a14131de84272c6af720e38dfad703f41fad2348be86672f5e6042342,cfg-e9c4ad26e57bc1e8,com.github.vbmacher.spark_lp.CholeskyBenchmark,Cholesky,cholesky,,,1e-08,100,,1e-10,1000,0.0,0.0,268435456,8,1,4,4,core solve excluding independent validation,1,,c150dcaa9a783c63fc422d89a40d6daa77f19dc218c7f59971913ab43d4ab4ec,fedora,Linux,3.5.3,11.0.26+4-LTS,com.github.fommil.netlib.F2jBLAS,local[4],0,1,True,Success,336.23571809,9,0,0,,0,independent-original-lp,1.8243734161756702e-16,5.04808894692039e-17,3.3089451177581565e-10,87.28119194600887,1.8434375117738543e-10,2.2506827803873077e-14,6.314517558523825e-14,2134919312,3666362368,driver process; combined with executors in local mode; includes validation,,primary-6000-10-20-well-11-1e-08-4--cholesky/records.jsonl,,895523f490a5f6214fe703d0fd4c3e6e1a8e60e2cb9d55fb1c42f73ee94de29c,1
rerun-20260914-sparsity-and-conditioning,cfg-ccf9b49ed878ed68,env-e6211d7d84b6,primary-6000-10-20-well-11-1e-08-4,6000,60000,120000,well,11,,20,,,a5c1b22a14131de84272c6af720e38dfad703f41fad2348be86672f5e6042342,cfg-e9c4ad26e57bc1e8,com.github.vbmacher.spark_lp.CholeskyBenchmark,Cholesky,cholesky,,,1e-08,100,,1e-10,1000,0.0,0.0,268435456,8,1,4,4,core solve excluding independent validation,1,,c150dcaa9a783c63fc422d89a40d6daa77f19dc218c7f59971913ab43d4ab4ec,fedora,Linux,3.5.3,11.0.26+4-LTS,com.github.fommil.netlib.F2jBLAS,local[4],1,1,False,Success,334.524808548,9,0,0,,0,independent-original-lp,1.8243734161756702e-16,5.04808894692039e-17,3.3089451177581565e-10,87.28119194600887,1.8434375117738543e-10,2.2506827803873077e-14,6.314517558523825e-14,2247960752,4185686016,driver process; combined with executors in local mode; includes validation,,primary-6000-10-20-well-11-1e-08-4--cholesky/records.jsonl,,895523f490a5f6214fe703d0fd4c3e6e1a8e60e2cb9d55fb1c42f73ee94de29c,2
rerun-20260914-sparsity-and-conditioning,cfg-ccf9b49ed878ed68,env-e6211d7d84b6,primary-6000-10-20-well-11-1e-08-4,6000,60000,120000,well,11,,20,,,a5c1b22a14131de84272c6af720e38dfad703f41fad2348be86672f5e6042342,cfg-e9c4ad26e57bc1e8,com.github.vbmacher.spark_lp.CholeskyBenchmark,Cholesky,cholesky,,,1e-08,100,,1e-10,1000,0.0,0.0,268435456,8,1,4,4,core solve excluding independent validation,1,,c150dcaa9a783c63fc422d89a40d6daa77f19dc218c7f59971913ab43d4ab4ec,fedora,Linux,3.5.3,11.0.26+4-LTS,com.github.fommil.netlib.F2jBLAS,local[4],2,1,False,Success,333.258951442,9,0,0,,0,independent-original-lp,1.8243734161756702e-16,5.04808894692039e-17,3.3089451177581565e-10,87.28119194600887,1.8434375117738543e-10,2.2506827803873077e-14,6.314517558523825e-14,2199553952,4231348224,driver process; combined with executors in local mode; includes validation,,primary-6000-10-20-well-11-1e-08-4--cholesky/records.jsonl,,895523f490a5f6214fe703d0fd4c3e6e1a8e60e2cb9d55fb1c42f73ee94de29c,3
rerun-20260914-sparsity-and-conditioning,cfg-ccf9b49ed878ed68,env-e6211d7d84b6,primary-6000-10-20-well-11-1e-08-4,6000,60000,120000,well,11,,20,,,a5c1b22a14131de84272c6af720e38dfad703f41fad2348be86672f5e6042342,cfg-e9c4ad26e57bc1e8,com.github.vbmacher.spark_lp.CholeskyBenchmark,Cholesky,cholesky,,,1e-08,100,,1e-10,1000,0.0,0.0,268435456,8,1,4,4,core solve excluding independent validation,1,,c150dcaa9a783c63fc422d89a40d6daa77f19dc218c7f59971913ab43d4ab4ec,fedora,Linux,3.5.3,11.0.26+4-LTS,com.github.fommil.netlib.F2jBLAS,local[4],3,1,False,Success,333.484757453,9,0,0,,0,independent-original-lp,1.8243734161756702e-16,5.04808894692039e-17,3.3089451177581565e-10,87.28119194600887,1.8434375117738543e-10,2.2506827803873077e-14,6.314517558523825e-14,2480458576,4334338048,driver process; combined with executors in local mode; includes validation,,primary-6000-10-20-well-11-1e-08-4--cholesky/records.jsonl,,895523f490a5f6214fe703d0fd4c3e6e1a8e60e2cb9d55fb1c42f73ee94de29c,4
rerun-20260914-sparsity-and-conditioning,cfg-ccf9b49ed878ed68,env-e6211d7d84b6,primary-6000-10-20-well-11-1e-08-4,6000,60000,120000,well,11,,20,,,a5c1b22a14131de84272c6af720e38dfad703f41fad2348be86672f5e6042342,cfg-e9c4ad26e57bc1e8,com.github.vbmacher.spark_lp.CholeskyBenchmark,Cholesky,cholesky,,,1e-08,100,,1e-10,1000,0.0,0.0,268435456,8,1,4,4,core solve excluding independent validation,1,,c150dcaa9a783c63fc422d89a40d6daa77f19dc218c7f59971913ab43d4ab4ec,fedora,Linux,3.5.3,11.0.26+4-LTS,com.github.fommil.netlib.F2jBLAS,local[4],4,1,False,Success,333.231632139,9,0,0,,0,independent-original-lp,1.8243734161756702e-16,5.04808894692039e-17,3.3089451177581565e-10,87.28119194600887,1.8434375117738543e-10,2.2506827803873077e-14,6.314517558523825e-14,2229142872,4365271040,driver process; combined with executors in local mode; includes validation,,primary-6000-10-20-well-11-1e-08-4--cholesky/records.jsonl,,895523f490a5f6214fe703d0fd4c3e6e1a8e60e2cb9d55fb1c42f73ee94de29c,5
rerun-20260914-sparsity-and-conditioning,cfg-ccf9b49ed878ed68,env-e6211d7d84b6,primary-6000-10-20-well-11-1e-08-4,6000,60000,120000,well,11,,20,,,a5c1b22a14131de84272c6af720e38dfad703f41fad2348be86672f5e6042342,cfg-e9c4ad26e57bc1e8,com.github.vbmacher.spark_lp.CholeskyBenchmark,Cholesky,cholesky,,,1e-08,100,,1e-10,1000,0.0,0.0,268435456,8,1,4,4,core solve excluding independent validation,1,,c150dcaa9a783c63fc422d89a40d6daa77f19dc218c7f59971913ab43d4ab4ec,fedora,Linux,3.5.3,11.0.26+4-LTS,com.github.fommil.netlib.F2jBLAS,local[4],5,1,False,Success,333.72850208799997,9,0,0,,0,independent-original-lp,1.8243734161756702e-16,5.04808894692039e-17,3.3089451177581565e-10,87.28119194600887,1.8434375117738543e-10,2.2506827803873077e-14,6.314517558523825e-14,2331166752,4382408704,driver process; combined with executors in local mode; includes validation,,primary-6000-10-20-well-11-1e-08-4--cholesky/records.jsonl,,895523f490a5f6214fe703d0fd4c3e6e1a8e60e2cb9d55fb1c42f73ee94de29c,6
rerun-20260914-sparsity-and-conditioning,cfg-e57599231c883a6e,env-e6211d7d84b6,primary-6000-10-20-well-29-1e-08-4,6000,60000,120000,well,29,,20,,,7405fdcd6c151fd134ab05e040e927ed3e48d1c6ef1810e19f370cdf2dcfab1c,cfg-7bf483fe07fa8b1f,com.github.vbmacher.spark_lp.CGBenchmark,CG,cg,,,1e-08,100,,1e-10,1000,1e-08,1e-08,268435456,8,1,4,4,core solve excluding independent validation,1,,c150dcaa9a783c63fc422d89a40d6daa77f19dc218c7f59971913ab43d4ab4ec,fedora,Linux,3.5.3,11.0.26+4-LTS,com.github.fommil.netlib.F2jBLAS,local[4],0,1,True,Success,18.379333507000002,9,300,0,,0,independent-original-lp,3.2520091957414063e-10,5.693301633153824e-17,5.023908858577184e-10,-41.171037947672666,3.3819417947918404e-10,1.4789298027643923e-14,1.0121576567621989e-14,3104786432,3834429440,driver process; combined with executors in local mode; includes validation,,primary-6000-10-20-well-29-1e-08-4--cg/records.jsonl,,363b1817ccadf2661f1ac4a6d537b1788b1a23c91b7ffba70ef074651a5fd2ef,1
rerun-20260914-sparsity-and-conditioning,cfg-e57599231c883a6e,env-e6211d7d84b6,primary-6000-10-20-well-29-1e-08-4,6000,60000,120000,well,29,,20,,,7405fdcd6c151fd134ab05e040e927ed3e48d1c6ef1810e19f370cdf2dcfab1c,cfg-7bf483fe07fa8b1f,com.github.vbmacher.spark_lp.CGBenchmark,CG,cg,,,1e-08,100,,1e-10,1000,1e-08,1e-08,268435456,8,1,4,4,core solve excluding independent validation,1,,c150dcaa9a783c63fc422d89a40d6daa77f19dc218c7f59971913ab43d4ab4ec,fedora,Linux,3.5.3,11.0.26+4-LTS,com.github.fommil.netlib.F2jBLAS,local[4],1,1,False,Success,12.528467442,9,300,0,,0,independent-original-lp,3.2520091957414063e-10,5.693301633153824e-17,5.023908858577184e-10,-41.171037947672666,3.3819417947918404e-10,1.4789298027643923e-14,1.0121576567621989e-14,3000431624,4192763904,driver process; combined with executors in local mode; includes validation,,primary-6000-10-20-well-29-1e-08-4--cg/records.jsonl,,363b1817ccadf2661f1ac4a6d537b1788b1a23c91b7ffba70ef074651a5fd2ef,2
rerun-20260914-sparsity-and-conditioning,cfg-e57599231c883a6e,env-e6211d7d84b6,primary-6000-10-20-well-29-1e-08-4,6000,60000,120000,well,29,,20,,,7405fdcd6c151fd134ab05e040e927ed3e48d1c6ef1810e19f370cdf2dcfab1c,cfg-7bf483fe07fa8b1f,com.github.vbmacher.spark_lp.CGBenchmark,CG,cg,,,1e-08,100,,1e-10,1000,1e-08,1e-08,268435456,8,1,4,4,core solve excluding independent validation,1,,c150dcaa9a783c63fc422d89a40d6daa77f19dc218c7f59971913ab43d4ab4ec,fedora,Linux,3.5.3,11.0.26+4-LTS,com.github.fommil.netlib.F2jBLAS,local[4],2,1,False,Success,12.394046799,9,300,0,,0,independent-original-lp,3.2520091957414063e-10,5.693301633153824e-17,5.023908858577184e-10,-41.171037947672666,3.3819417947918404e-10,1.4789298027643923e-14,1.0121576567621989e-14,3026507344,4233543680,driver process; combined with executors in local mode; includes validation,,primary-6000-10-20-well-29-1e-08-4--cg/records.jsonl,,363b1817ccadf2661f1ac4a6d537b1788b1a23c91b7ffba70ef074651a5fd2ef,3
rerun-20260914-sparsity-and-conditioning,cfg-e57599231c883a6e,env-e6211d7d84b6,primary-6000-10-20-well-29-1e-08-4,6000,60000,120000,well,29,,20,,,7405fdcd6c151fd134ab05e040e927ed3e48d1c6ef1810e19f370cdf2dcfab1c,cfg-7bf483fe07fa8b1f,com.github.vbmacher.spark_lp.CGBenchmark,CG,cg,,,1e-08,100,,1e-10,1000,1e-08,1e-08,268435456,8,1,4,4,core solve excluding independent validation,1,,c150dcaa9a783c63fc422d89a40d6daa77f19dc218c7f59971913ab43d4ab4ec,fedora,Linux,3.5.3,11.0.26+4-LTS,com.github.fommil.netlib.F2jBLAS,local[4],3,1,False,Success,12.810230999000002,9,300,0,,0,independent-original-lp,3.2520091957414063e-10,5.693301633153824e-17,5.023908858577184e-10,-41.171037947672666,3.3819417947918404e-10,1.4789298027643923e-14,1.0121576567621989e-14,2733509984,4249337856,driver process; combined with executors in local mode; includes validation,,primary-6000-10-20-well-29-1e-08-4--cg/records.jsonl,,363b1817ccadf2661f1ac4a6d537b1788b1a23c91b7ffba70ef074651a5fd2ef,4
rerun-20260914-sparsity-and-conditioning,cfg-e57599231c883a6e,env-e6211d7d84b6,primary-6000-10-20-well-29-1e-08-4,6000,60000,120000,well,29,,20,,,7405fdcd6c151fd134ab05e040e927ed3e48d1c6ef1810e19f370cdf2dcfab1c,cfg-7bf483fe07fa8b1f,com.github.vbmacher.spark_lp.CGBenchmark,CG,cg,,,1e-08,100,,1e-10,1000,1e-08,1e-08,268435456,8,1,4,4,core solve excluding independent validation,1,,c150dcaa9a783c63fc422d89a40d6daa77f19dc218c7f59971913ab43d4ab4ec,fedora,Linux,3.5.3,11.0.26+4-LTS,com.github.fommil.netlib.F2jBLAS,local[4],4,1,False,Success,13.436437249999999,9,300,0,,0,independent-original-lp,3.2520091957414063e-10,5.693301633153824e-17,5.023908858577184e-10,-41.171037947672666,3.3819417947918404e-10,1.4789298027643923e-14,1.0121576567621989e-14,3002151424,4261707776,driver process; combined with executors in local mode; includes validation,,primary-6000-10-20-well-29-1e-08-4--cg/records.jsonl,,363b1817ccadf2661f1ac4a6d537b1788b1a23c91b7ffba70ef074651a5fd2ef,5
rerun-20260914-sparsity-and-conditioning,cfg-e57599231c883a6e,env-e6211d7d84b6,primary-6000-10-20-well-29-1e-08-4,6000,60000,120000,well,29,,20,,,7405fdcd6c151fd134ab05e040e927ed3e48d1c6ef1810e19f370cdf2dcfab1c,cfg-7bf483fe07fa8b1f,com.github.vbmacher.spark_lp.CGBenchmark,CG,cg,,,1e-08,100,,1e-10,1000,1e-08,1e-08,268435456,8,1,4,4,core solve excluding independent validation,1,,c150dcaa9a783c63fc422d89a40d6daa77f19dc218c7f59971913ab43d4ab4ec,fedora,Linux,3.5.3,11.0.26+4-LTS,com.github.fommil.netlib.F2jBLAS,local[4],5,1,False,Success,12.444719882,9,300,0,,0,independent-original-lp,3.2520091957414063e-10,5.693301633153824e-17,5.023908858577184e-10,-41.171037947672666,3.3819417947918404e-10,1.4789298027643923e-14,1.0121576567621989e-14,2889959544,4294492160,driver process; combined with executors in local mode; includes validation,,primary-6000-10-20-well-29-1e-08-4--cg/records.jsonl,,363b1817ccadf2661f1ac4a6d537b1788b1a23c91b7ffba70ef074651a5fd2ef,6
rerun-20260914-sparsity-and-conditioning,cfg-ccf9b49ed878ed68,env-e6211d7d84b6,primary-6000-10-20-well-29-1e-08-4,6000,60000,120000,well,29,,20,,,7405fdcd6c151fd134ab05e040e927ed3e48d1c6ef1810e19f370cdf2dcfab1c,cfg-e9c4ad26e57bc1e8,com.github.vbmacher.spark_lp.CholeskyBenchmark,Cholesky,cholesky,,,1e-08,100,,1e-10,1000,0.0,0.0,268435456,8,1,4,4,core solve excluding independent validation,1,,c150dcaa9a783c63fc422d89a40d6daa77f19dc218c7f59971913ab43d4ab4ec,fedora,Linux,3.5.3,11.0.26+4-LTS,com.github.fommil.netlib.F2jBLAS,local[4],0,1,True,Success,336.01431401,9,0,0,,0,independent-original-lp,7.582089263698166e-15,5.2430178854677393e-17,4.925993862902344e-10,-41.17103794808592,3.283947608475845e-10,1.4789404576092724e-14,1.0121628723578528e-14,2193082176,3976151040,driver process; combined with executors in local mode; includes validation,,primary-6000-10-20-well-29-1e-08-4--cholesky/records.jsonl,,70f462986cd662172254c45236ff927f5bb30795a4f95e1b009dde37b0a06cad,1
rerun-20260914-sparsity-and-conditioning,cfg-ccf9b49ed878ed68,env-e6211d7d84b6,primary-6000-10-20-well-29-1e-08-4,6000,60000,120000,well,29,,20,,,7405fdcd6c151fd134ab05e040e927ed3e48d1c6ef1810e19f370cdf2dcfab1c,cfg-e9c4ad26e57bc1e8,com.github.vbmacher.spark_lp.CholeskyBenchmark,Cholesky,cholesky,,,1e-08,100,,1e-10,1000,0.0,0.0,268435456,8,1,4,4,core solve excluding independent validation,1,,c150dcaa9a783c63fc422d89a40d6daa77f19dc218c7f59971913ab43d4ab4ec,fedora,Linux,3.5.3,11.0.26+4-LTS,com.github.fommil.netlib.F2jBLAS,local[4],1,1,False,Success,333.632297163,9,0,0,,0,independent-original-lp,7.582089263698166e-15,5.2430178854677393e-17,4.925993862902344e-10,-41.17103794808592,3.283947608475845e-10,1.4789404576092724e-14,1.0121628723578528e-14,2157609392,4098703360,driver process; combined with executors in local mode; includes validation,,primary-6000-10-20-well-29-1e-08-4--cholesky/records.jsonl,,70f462986cd662172254c45236ff927f5bb30795a4f95e1b009dde37b0a06cad,2
